frame,cell_label,centroid_x,centroid_y,area,blob_type,included,classical_zero_crossings,classical_budding,modern_defect_ratio,modern_budding,classifiers_agree,crop_path
1,1,1372.6,24.7,869.0,single,True,0,False,0.38,False,True,
1,2,1668.6,109.5,400.0,multicell,False,0,False,2.676,False,,
1,3,1525.9,122.4,2258.0,single,True,0,False,0.157,False,True,non_budding/frame1_cell3.tif
1,4,1333.5,186.6,1832.0,single,True,0,False,0.375,False,True,non_budding/frame1_cell4.tif
1,5,384.5,222.7,2053.0,single,True,0,False,0.358,False,True,non_budding/frame1_cell5.tif
1,6,1479.5,263.3,1845.0,single,True,0,False,0.187,False,True,non_budding/frame1_cell6.tif
1,7,769.0,261.3,1921.0,single,True,0,False,0.046,False,True,non_budding/frame1_cell7.tif
1,8,1654.7,359.3,1732.0,single,True,0,False,0.346,False,True,
1,9,1652.4,399.5,1395.0,single,True,0,False,0.25,False,True,
1,10,1220.8,684.0,2215.0,single,True,0,False,0.115,False,True,non_budding/frame1_cell10.tif
1,11,254.8,687.3,2281.0,single,True,0,False,0.148,False,True,non_budding/frame1_cell11.tif
1,12,904.4,862.0,1960.0,budding_pair,True,16,True,2.803,True,True,budding/frame1_cell12.tif
1,13,258.4,926.4,2068.0,single,True,0,False,0.07,False,True,non_budding/frame1_cell13.tif
1,14,1281.2,965.6,2741.0,single,True,0,False,0.126,False,True,non_budding/frame1_cell14.tif
1,15,530.8,975.2,3834.0,budding_pair,True,7,True,0.21,True,True,budding/frame1_cell15.tif
1,16,1148.2,1048.7,2139.0,single,True,0,False,0.22,False,True,non_budding/frame1_cell16.tif
1,17,39.1,1099.6,1783.0,single,True,0,False,0.15,False,True,
1,18,1278.2,1226.7,1936.0,single,True,0,False,0.11,False,True,
2,1,642.4,85.0,3240.0,single,True,0,False,0.143,False,True,non_budding/frame2_cell1.tif
2,2,518.6,88.3,2097.0,single,True,0,False,0.139,False,True,non_budding/frame2_cell2.tif
2,3,1516.1,132.7,1651.0,ambiguous,False,0,False,0.368,False,,
2,4,77.8,248.8,1377.0,single,True,0,False,0.246,False,True,non_budding/frame2_cell4.tif
2,5,734.4,276.4,2042.0,budding_pair,True,8,True,0.267,True,True,budding/frame2_cell5.tif
2,6,487.7,365.7,4050.0,budding_pair,True,5,True,0.232,True,True,budding/frame2_cell6.tif
2,7,45.4,345.1,1259.0,single,True,0,False,0.3,False,True,
2,8,749.7,363.5,1927.0,single,True,0,False,0.051,False,True,non_budding/frame2_cell8.tif
2,9,371.8,394.6,1765.0,single,True,0,False,0.268,False,True,non_budding/frame2_cell9.tif
2,10,221.8,408.8,921.0,single,True,0,False,0.247,False,True,non_budding/frame2_cell10.tif
2,11,582.9,423.5,1380.0,single,True,0,False,0.07,False,True,non_budding/frame2_cell11.tif
2,12,199.5,480.2,1664.0,single,True,0,False,0.217,False,True,non_budding/frame2_cell12.tif
2,13,916.4,523.8,3527.0,budding_pair,True,4,False,0.169,True,False,budding/frame2_cell13.tif
2,14,821.7,560.9,2180.0,single,True,0,False,0.214,False,True,non_budding/frame2_cell14.tif
2,15,218.2,586.5,2875.0,ambiguous,False,0,False,1.782,False,,
2,16,407.8,583.0,2720.0,single,True,0,False,0.086,False,True,non_budding/frame2_cell16.tif
2,17,1389.4,598.5,2323.0,single,True,0,False,0.054,False,True,non_budding/frame2_cell17.tif
2,18,260.7,639.9,1386.0,single,True,0,False,0.432,False,True,non_budding/frame2_cell18.tif
2,19,768.4,659.5,2200.0,single,True,0,False,0.048,False,True,non_budding/frame2_cell19.tif
2,20,448.5,692.0,3330.0,budding_pair,True,5,True,0.136,False,False,non_budding/frame2_cell20.tif
2,21,842.7,798.0,3596.0,budding_pair,True,7,True,0.172,True,True,budding/frame2_cell21.tif
2,22,1391.9,837.8,2062.0,single,True,0,False,0.057,False,True,non_budding/frame2_cell22.tif
2,23,1077.4,855.1,3563.0,ambiguous,False,0,False,0.241,False,,
2,24,1661.4,884.7,3126.0,budding_pair,True,10,True,0.229,True,True,
2,25,624.6,905.2,1729.0,single,True,0,False,1.473,False,True,non_budding/frame2_cell25.tif
2,26,136.8,936.8,1033.0,multicell,False,0,False,3.194,False,,
2,27,1017.4,975.7,2367.0,single,True,0,False,0.049,False,True,non_budding/frame2_cell27.tif
2,28,1168.4,1013.2,2548.0,single,True,0,False,0.06,False,True,non_budding/frame2_cell28.tif
2,29,813.4,1133.8,2534.0,single,True,0,False,0.284,False,True,non_budding/frame2_cell29.tif
3,1,724.7,32.0,1903.0,single,True,0,False,0.06,False,True,
3,2,325.5,38.8,3043.0,budding_pair,True,7,True,0.243,True,True,
3,3,449.0,60.0,5691.0,multicell,False,0,False,0.273,False,,
3,4,993.6,84.0,1901.0,single,True,0,False,0.074,False,True,non_budding/frame3_cell4.tif
3,5,1656.0,124.2,405.0,multicell,False,0,False,1.344,False,,
3,6,1637.0,220.6,1545.0,single,True,0,False,0.128,False,True,
3,7,1545.6,227.1,1651.0,single,True,0,False,0.18,False,True,non_budding/frame3_cell7.tif
3,8,312.7,278.3,1483.0,single,True,0,False,0.26,False,True,non_budding/frame3_cell8.tif
3,9,404.4,303.8,2084.0,single,True,0,False,0.064,False,True,non_budding/frame3_cell9.tif
3,10,561.9,401.1,3215.0,single,True,0,False,0.205,False,True,non_budding/frame3_cell10.tif
3,11,189.5,438.8,2315.0,single,True,0,False,0.23,False,True,non_budding/frame3_cell11.tif
3,12,1045.9,457.3,3633.0,ambiguous,False,0,False,0.196,False,,
3,13,943.8,500.4,2288.0,single,True,0,False,0.041,False,True,non_budding/frame3_cell13.tif
3,14,831.0,538.7,3219.0,single,True,0,False,0.043,False,True,non_budding/frame3_cell14.tif
3,15,947.4,748.1,2443.0,single,True,0,False,0.102,False,True,non_budding/frame3_cell15.tif
3,16,943.9,815.0,2637.0,budding_pair,True,22,True,1.651,True,True,budding/frame3_cell16.tif
3,17,1283.3,823.7,2141.0,single,True,0,False,0.153,False,True,non_budding/frame3_cell17.tif
3,18,1564.0,853.9,2895.0,budding_pair,True,7,True,0.245,True,True,budding/frame3_cell18.tif
3,19,687.2,918.9,5157.0,single,True,0,False,0.269,False,True,non_budding/frame3_cell19.tif
3,20,1168.1,1010.4,3117.0,single,True,0,False,0.098,False,True,non_budding/frame3_cell20.tif
3,21,730.3,1014.0,3650.0,ambiguous,False,0,False,0.211,False,,
3,22,60.7,1115.1,2630.0,single,True,0,False,0.208,False,True,
3,23,1367.0,1157.5,2334.0,budding_pair,True,5,True,0.195,True,True,budding/frame3_cell23.tif
3,24,882.0,1166.6,1768.0,single,True,0,False,0.205,False,True,non_budding/frame3_cell24.tif
3,25,41.1,1216.1,1782.0,budding_pair,True,9,True,0.334,True,True,
4,1,815.0,48.5,2372.0,single,True,0,False,0.105,False,True,
4,2,1152.5,96.5,2443.0,single,True,0,False,0.319,False,True,non_budding/frame4_cell2.tif
4,3,637.7,148.9,3030.0,single,True,0,False,0.177,False,True,non_budding/frame4_cell3.tif
4,4,1320.7,161.1,2187.0,single,True,0,False,0.16,False,True,non_budding/frame4_cell4.tif
4,5,86.0,166.7,2041.0,single,True,0,False,0.772,False,True,non_budding/frame4_cell5.tif
4,6,133.6,293.7,2520.0,budding_pair,True,13,True,0.336,True,True,budding/frame4_cell6.tif
4,7,185.3,423.9,3129.0,budding_pair,True,10,True,0.262,True,True,budding/frame4_cell7.tif
4,8,1167.4,422.7,4227.0,budding_pair,True,5,True,0.227,True,True,budding/frame4_cell8.tif
4,9,884.9,433.8,3543.0,ambiguous,False,0,False,0.173,False,,
4,10,744.1,448.1,3616.0,budding_pair,True,7,True,0.22,True,True,budding/frame4_cell10.tif
4,11,294.4,557.1,3137.0,budding_pair,True,9,True,0.276,True,True,budding/frame4_cell11.tif
4,12,1269.4,621.0,3887.0,ambiguous,False,0,False,0.272,False,,
4,13,1561.0,639.2,1900.0,single,True,0,False,0.068,False,True,non_budding/frame4_cell13.tif
4,14,501.3,684.9,1579.0,single,True,0,False,0.124,False,True,non_budding/frame4_cell14.tif
4,15,1592.2,804.6,3038.0,budding_pair,True,11,True,0.282,True,True,budding/frame4_cell15.tif
4,16,1113.2,839.3,2481.0,single,True,0,False,0.1,False,True,non_budding/frame4_cell16.tif
4,17,1468.4,914.5,5916.0,multicell,False,0,False,0.283,False,,
4,18,905.1,929.0,3722.0,budding_pair,True,3,False,0.185,True,False,budding/frame4_cell18.tif
4,19,1177.0,955.3,3011.0,budding_pair,True,14,True,1.442,True,True,budding/frame4_cell19.tif
4,20,327.1,1025.2,2746.0,single,True,0,False,0.322,False,True,non_budding/frame4_cell20.tif
4,21,533.1,1035.7,2988.0,ambiguous,False,0,False,0.151,False,,
4,22,153.0,1108.9,1290.0,budding_pair,True,13,True,1.431,True,True,budding/frame4_cell22.tif
4,23,631.6,1151.7,3686.0,ambiguous,False,0,False,0.15,False,,
4,24,1159.1,1147.7,1759.0,single,True,0,False,0.136,False,True,non_budding/frame4_cell24.tif
4,25,535.4,1162.1,1627.0,single,True,0,False,0.214,False,True,non_budding/frame4_cell25.tif
5,1,1330.4,79.4,2922.0,budding_pair,True,4,False,0.162,True,False,budding/frame5_cell1.tif
5,2,236.0,129.9,1272.0,single,True,0,False,0.198,False,True,non_budding/frame5_cell2.tif
5,3,1137.8,154.3,2369.0,single,True,0,False,0.046,False,True,non_budding/frame5_cell3.tif
5,4,1384.4,203.4,2849.0,budding_pair,True,13,True,0.508,True,True,budding/frame5_cell4.tif
5,5,1272.0,227.3,2122.0,single,True,0,False,0.192,False,True,non_budding/frame5_cell5.tif
5,6,695.1,234.7,1900.0,single,True,0,False,0.073,False,True,non_budding/frame5_cell6.tif
5,7,341.5,236.7,2692.0,budding_pair,True,13,True,0.4,True,True,budding/frame5_cell7.tif
5,8,775.9,320.1,3750.0,ambiguous,False,0,False,0.25,False,,
5,9,1435.1,335.7,3147.0,budding_pair,True,5,True,0.245,True,True,budding/frame5_cell9.tif
5,10,216.1,351.3,2280.0,single,True,0,False,0.213,False,True,non_budding/frame5_cell10.tif
5,11,470.8,448.9,2810.0,single,True,0,False,0.138,False,True,non_budding/frame5_cell11.tif
5,12,1546.0,467.6,2801.0,budding_pair,True,6,True,0.179,True,True,budding/frame5_cell12.tif
5,13,1200.8,500.7,3542.0,budding_pair,True,8,True,0.204,True,True,budding/frame5_cell13.tif
5,14,722.6,505.7,2804.0,single,True,0,False,0.195,False,True,non_budding/frame5_cell14.tif
5,15,1134.3,521.1,3812.0,budding_pair,True,7,True,0.18,True,True,budding/frame5_cell15.tif
5,16,279.4,558.6,1904.0,single,True,0,False,0.118,False,True,non_budding/frame5_cell16.tif
5,17,544.1,583.3,4100.0,budding_pair,True,7,True,0.216,True,True,budding/frame5_cell17.tif
5,18,58.0,631.7,3294.0,budding_pair,True,10,True,0.276,True,True,
5,19,876.0,664.1,2496.0,single,True,0,False,0.062,False,True,non_budding/frame5_cell19.tif
5,20,1064.2,802.1,4048.0,budding_pair,True,8,True,0.23,True,True,budding/frame5_cell20.tif
5,21,554.8,825.8,2360.0,single,True,0,False,0.181,False,True,non_budding/frame5_cell21.tif
5,22,1578.7,934.7,2542.0,budding_pair,True,11,True,0.722,True,True,budding/frame5_cell22.tif
5,23,1394.7,1025.6,2757.0,budding_pair,True,3,False,0.193,True,False,budding/frame5_cell23.tif
5,24,1101.7,1058.9,2756.0,single,True,0,False,0.162,False,True,non_budding/frame5_cell24.tif
5,25,970.3,1060.7,2149.0,single,True,0,False,0.173,False,True,non_budding/frame5_cell25.tif
6,1,530.7,75.9,3860.0,multicell,False,0,False,0.625,False,,
6,2,1325.2,111.9,1561.0,single,True,0,False,0.178,False,True,non_budding/frame6_cell2.tif
6,3,1056.8,169.2,3734.0,budding_pair,True,7,True,0.283,True,True,budding/frame6_cell3.tif
6,4,322.0,185.2,1729.0,single,True,0,False,0.141,False,True,non_budding/frame6_cell4.tif
6,5,46.8,244.4,397.0,budding_pair,True,6,True,1.144,True,True,
6,6,526.3,309.6,2369.0,single,True,0,False,0.06,False,True,non_budding/frame6_cell6.tif
6,7,1080.7,415.6,2450.0,single,True,0,False,0.083,False,True,non_budding/frame6_cell7.tif
6,8,543.4,435.0,4135.0,ambiguous,False,0,False,0.251,False,,
6,9,321.5,464.9,2958.0,budding_pair,True,7,True,0.303,True,True,budding/frame6_cell9.tif
6,10,667.2,503.3,7101.0,single,True,0,False,0.167,False,True,non_budding/frame6_cell10.tif
6,11,760.0,508.2,4323.0,budding_pair,True,6,True,0.241,True,True,budding/frame6_cell11.tif
6,12,1363.2,567.5,3307.0,budding_pair,True,5,True,0.199,True,True,budding/frame6_cell12.tif
6,13,843.0,609.4,3851.0,ambiguous,False,0,False,0.21,False,,
6,14,582.4,626.6,5360.0,budding_pair,True,10,True,0.272,True,True,budding/frame6_cell14.tif
6,15,1365.9,685.4,2182.0,single,True,0,False,0.044,False,True,non_budding/frame6_cell15.tif
6,16,1494.4,714.2,3068.0,single,True,0,False,0.096,False,True,non_budding/frame6_cell16.tif
6,17,568.6,718.6,2317.0,single,True,0,False,0.057,False,True,non_budding/frame6_cell17.tif
6,18,1275.0,798.2,3167.0,single,True,0,False,0.189,False,True,non_budding/frame6_cell18.tif
6,19,933.8,909.7,3263.0,budding_pair,True,5,True,0.234,True,True,budding/frame6_cell19.tif
6,20,209.8,908.2,1892.0,single,True,0,False,0.154,False,True,non_budding/frame6_cell20.tif
6,21,1567.1,928.1,1522.0,single,True,0,False,0.144,False,True,non_budding/frame6_cell21.tif
6,22,1596.7,993.3,2642.0,budding_pair,True,8,True,0.251,True,True,budding/frame6_cell22.tif
6,23,857.2,1030.0,2517.0,single,True,0,False,0.195,False,True,non_budding/frame6_cell23.tif
6,24,370.8,1078.8,1606.0,single,True,0,False,0.45,False,True,non_budding/frame6_cell24.tif
6,25,550.9,1088.9,4982.0,ambiguous,False,0,False,0.344,False,,
6,26,1343.8,1143.5,2719.0,multicell,False,0,False,0.333,False,,
6,27,528.9,1158.9,2025.0,single,True,0,False,0.197,False,True,non_budding/frame6_cell27.tif
6,28,1475.0,1164.0,2366.0,single,True,0,False,0.417,False,True,non_budding/frame6_cell28.tif
7,1,1648.6,62.7,398.0,multicell,False,0,False,0.933,False,,
7,2,986.4,102.2,2197.0,single,True,0,False,0.068,False,True,non_budding/frame7_cell2.tif
7,3,1210.2,139.8,3319.0,budding_pair,True,12,True,0.651,True,True,budding/frame7_cell3.tif
7,4,821.6,148.0,2781.0,budding_pair,True,6,True,0.3,True,True,budding/frame7_cell4.tif
7,5,1264.5,160.9,2201.0,budding_pair,True,17,True,0.592,True,True,budding/frame7_cell5.tif
7,6,570.0,195.6,2628.0,single,True,0,False,0.104,False,True,non_budding/frame7_cell6.tif
7,7,702.2,309.5,3438.0,budding_pair,True,5,True,0.188,True,True,budding/frame7_cell7.tif
7,8,286.2,311.5,2303.0,budding_pair,True,7,True,0.211,True,True,budding/frame7_cell8.tif
7,9,537.5,342.2,1679.0,single,True,0,False,0.315,False,True,non_budding/frame7_cell9.tif
7,10,868.4,428.2,2449.0,single,True,0,False,0.051,False,True,non_budding/frame7_cell10.tif
7,11,296.6,450.8,3945.0,ambiguous,False,0,False,0.249,False,,
7,12,301.2,612.2,1763.0,single,True,0,False,0.232,False,True,non_budding/frame7_cell12.tif
7,13,723.8,707.6,2575.0,single,True,0,False,0.266,False,True,non_budding/frame7_cell13.tif
7,14,1563.3,705.1,2132.0,single,True,0,False,0.287,False,True,non_budding/frame7_cell14.tif
7,15,1034.7,823.1,5860.0,ambiguous,False,0,False,0.435,False,,
7,16,1312.1,826.4,3442.0,budding_pair,True,7,True,0.201,True,True,budding/frame7_cell16.tif
7,17,1483.1,822.2,2048.0,single,True,0,False,0.065,False,True,non_budding/frame7_cell17.tif
7,18,644.0,895.3,3579.0,ambiguous,False,0,False,0.235,False,,
7,19,1194.7,911.0,4380.0,ambiguous,False,0,False,0.268,False,,
7,20,1089.0,927.6,2482.0,single,True,0,False,0.181,False,True,non_budding/frame7_cell20.tif
7,21,1365.9,1201.4,1720.0,single,True,0,False,0.102,False,True,
7,22,1627.2,1216.5,1225.0,single,True,0,False,0.996,False,True,
8,1,1047.0,64.9,2812.0,ambiguous,False,0,False,0.587,False,,
8,2,327.7,121.7,3922.0,ambiguous,False,0,False,0.215,False,,
8,3,1147.1,151.6,2907.0,budding_pair,True,11,True,0.22,True,True,budding/frame8_cell3.tif
8,4,897.5,168.9,2326.0,single,True,0,False,0.102,False,True,non_budding/frame8_cell4.tif
8,5,285.5,243.7,3043.0,budding_pair,True,7,True,0.241,True,True,budding/frame8_cell5.tif
8,6,604.1,383.6,1990.0,single,True,0,False,0.188,False,True,non_budding/frame8_cell6.tif
8,7,158.6,425.7,1686.0,single,True,0,False,0.18,False,True,non_budding/frame8_cell7.tif
8,8,539.8,453.6,3093.0,budding_pair,True,11,True,0.34,True,True,budding/frame8_cell8.tif
8,9,1329.2,576.8,2552.0,single,True,0,False,0.188,False,True,non_budding/frame8_cell9.tif
8,10,227.4,585.0,2081.0,single,True,0,False,0.122,False,True,non_budding/frame8_cell10.tif
8,11,1069.0,712.1,2921.0,single,True,0,False,0.842,False,True,non_budding/frame8_cell11.tif
8,12,275.4,719.9,3317.0,budding_pair,True,6,True,0.301,True,True,budding/frame8_cell12.tif
8,13,798.4,787.9,2582.0,single,True,0,False,0.208,False,True,non_budding/frame8_cell13.tif
8,14,969.5,913.4,3666.0,budding_pair,True,9,True,0.232,True,True,budding/frame8_cell14.tif
8,15,1547.5,924.2,3280.0,multicell,False,0,False,0.224,False,,
8,16,372.3,919.3,2044.0,single,True,0,False,0.171,False,True,non_budding/frame8_cell16.tif
8,17,1254.1,1044.4,3241.0,budding_pair,True,15,True,0.423,True,True,budding/frame8_cell17.tif
8,18,422.3,1125.2,3080.0,multicell,False,0,False,0.261,False,,
9,1,784.4,108.5,3855.0,budding_pair,True,6,True,0.24,True,True,budding/frame9_cell1.tif
9,2,528.2,555.4,956.0,single,True,0,False,0.047,False,True,non_budding/frame9_cell2.tif
9,3,1495.7,573.7,2166.0,single,True,0,False,0.04,False,True,non_budding/frame9_cell3.tif
9,4,553.0,603.6,1890.0,budding_pair,True,5,True,0.483,True,True,budding/frame9_cell4.tif
9,5,913.3,657.3,3999.0,budding_pair,True,6,True,0.172,True,True,budding/frame9_cell5.tif
9,6,1593.1,682.8,2337.0,budding_pair,True,10,True,0.439,True,True,budding/frame9_cell6.tif
9,7,398.7,837.5,2839.0,multicell,False,0,False,1.728,False,,
9,8,1314.5,871.2,2160.0,budding_pair,True,12,True,1.232,True,True,budding/frame9_cell8.tif
9,9,297.4,872.5,2088.0,single,True,0,False,0.222,False,True,non_budding/frame9_cell9.tif
9,10,678.8,887.4,2207.0,single,True,0,False,0.038,False,True,non_budding/frame9_cell10.tif
9,11,1541.7,981.0,2023.0,single,True,0,False,1.959,False,True,non_budding/frame9_cell11.tif
9,12,461.1,985.7,2124.0,budding_pair,True,11,True,0.767,True,True,budding/frame9_cell12.tif
9,13,1475.2,1102.0,3732.0,multicell,False,0,False,1.837,False,,
10,1,790.8,104.1,1258.0,single,True,0,False,0.087,False,True,non_budding/frame10_cell1.tif
10,2,1032.4,403.7,3460.0,budding_pair,True,4,False,0.152,True,False,budding/frame10_cell2.tif
10,3,187.8,402.7,1291.0,single,True,0,False,1.305,False,True,non_budding/frame10_cell3.tif
10,4,473.9,613.0,1214.0,single,True,0,False,0.048,False,True,non_budding/frame10_cell4.tif
10,5,448.0,637.9,605.0,single,True,0,False,0.059,False,True,non_budding/frame10_cell5.tif
10,6,309.6,818.1,1960.0,budding_pair,True,11,True,0.504,True,True,budding/frame10_cell6.tif
10,7,601.6,983.6,1657.0,budding_pair,True,8,True,0.431,True,True,budding/frame10_cell7.tif
10,8,838.9,1003.6,1411.0,single,True,0,False,0.039,False,True,non_budding/frame10_cell8.tif
10,9,696.1,1074.3,3259.0,ambiguous,False,0,False,0.198,False,,
11,1,818.0,93.5,2020.0,budding_pair,True,6,True,0.361,True,True,budding/frame11_cell1.tif
11,2,1014.2,172.1,3836.0,ambiguous,False,0,False,0.236,False,,
11,3,917.3,237.2,1625.0,budding_pair,True,7,True,0.536,True,True,budding/frame11_cell3.tif
11,4,1027.4,355.7,3706.0,ambiguous,False,0,False,0.17,False,,
11,5,1482.3,386.4,2074.0,single,True,0,False,0.161,False,True,non_budding/frame11_cell5.tif
11,6,807.2,646.6,2426.0,budding_pair,True,17,True,0.872,True,True,budding/frame11_cell6.tif
11,7,581.0,779.0,2942.0,multicell,False,0,False,1.418,False,,
11,8,897.9,1022.5,2348.0,budding_pair,True,18,True,1.063,True,True,budding/frame11_cell8.tif
11,9,678.6,1214.9,2463.0,budding_pair,True,9,True,0.34,True,True,
11,10,611.8,1228.1,1451.0,single,True,0,False,0.397,False,True,
12,1,86.1,91.2,2571.0,budding_pair,True,19,True,1.16,True,True,budding/frame12_cell1.tif
12,2,648.4,246.0,1956.0,budding_pair,True,8,True,0.427,True,True,budding/frame12_cell2.tif
12,3,179.5,491.9,1747.0,single,True,0,False,1.683,False,True,non_budding/frame12_cell3.tif
12,4,1392.0,554.5,2086.0,budding_pair,True,5,True,0.266,True,True,budding/frame12_cell4.tif
12,5,1413.8,585.4,1725.0,budding_pair,True,12,True,0.925,True,True,budding/frame12_cell5.tif
12,6,1060.0,589.8,2139.0,budding_pair,True,16,True,2.026,True,True,budding/frame12_cell6.tif
12,7,1453.3,683.8,3201.0,single,True,0,False,0.037,False,True,non_budding/frame12_cell7.tif
12,8,797.2,695.9,1443.0,single,True,0,False,0.037,False,True,non_budding/frame12_cell8.tif
12,9,1162.3,808.3,1192.0,single,True,0,False,0.045,False,True,non_budding/frame12_cell9.tif
12,10,1240.4,858.1,1257.0,single,True,0,False,0.187,False,True,non_budding/frame12_cell10.tif
12,11,371.9,861.4,3522.0,budding_pair,True,14,True,0.653,True,True,budding/frame12_cell11.tif
12,12,1279.6,880.9,2164.0,budding_pair,True,7,True,0.265,True,True,budding/frame12_cell12.tif
12,13,667.8,898.0,2811.0,single,True,0,False,0.111,False,True,non_budding/frame12_cell13.tif
12,14,759.2,1069.8,2101.0,single,True,0,False,0.172,False,True,non_budding/frame12_cell14.tif
12,15,841.5,1233.0,3183.0,multicell,False,0,False,0.496,False,,
13,1,972.8,82.6,2176.0,ambiguous,False,0,False,0.158,False,,
13,2,1062.1,242.8,2851.0,ambiguous,False,0,False,0.519,False,,
13,3,1540.4,297.3,3027.0,budding_pair,True,7,True,0.196,True,True,budding/frame13_cell3.tif
13,4,643.6,433.6,1661.0,budding_pair,True,8,True,0.535,True,True,budding/frame13_cell4.tif
13,5,335.4,516.2,1581.0,single,True,0,False,1.628,False,True,non_budding/frame13_cell5.tif
13,6,1250.8,597.9,4542.0,budding_pair,True,7,True,0.216,True,True,budding/frame13_cell6.tif
13,7,299.2,772.7,3372.0,multicell,False,0,False,1.272,False,,
13,8,324.5,851.2,1904.0,single,True,0,False,0.219,False,True,non_budding/frame13_cell8.tif
13,9,1417.8,895.0,4122.0,budding_pair,True,5,True,0.185,True,True,budding/frame13_cell9.tif
13,10,222.1,891.5,1721.0,single,True,0,False,1.65,False,True,non_budding/frame13_cell10.tif
13,11,444.0,989.9,3028.0,budding_pair,True,16,True,2.457,True,True,budding/frame13_cell11.tif
13,12,1081.4,1048.4,3641.0,budding_pair,True,11,True,0.264,True,True,budding/frame13_cell12.tif
14,1,1270.3,124.2,2536.0,single,True,0,False,0.166,False,True,non_budding/frame14_cell1.tif
14,2,255.7,184.8,2417.0,single,True,0,False,0.865,False,True,non_budding/frame14_cell2.tif
14,3,1503.8,413.3,2566.0,budding_pair,True,14,True,2.363,True,True,budding/frame14_cell3.tif
14,4,378.4,498.9,2485.0,single,True,0,False,0.073,False,True,non_budding/frame14_cell4.tif
14,5,132.1,511.3,1977.0,single,True,0,False,0.106,False,True,non_budding/frame14_cell5.tif
14,6,1559.6,529.7,2121.0,budding_pair,True,17,True,0.309,True,True,budding/frame14_cell6.tif
14,7,1051.6,610.4,1920.0,budding_pair,True,13,True,2.426,True,True,budding/frame14_cell7.tif
14,8,892.5,621.0,1784.0,budding_pair,True,7,True,0.338,True,True,budding/frame14_cell8.tif
14,9,46.2,733.4,3187.0,budding_pair,True,10,True,0.259,True,True,
14,10,801.1,798.1,2800.0,single,True,0,False,0.11,False,True,non_budding/frame14_cell10.tif
14,11,473.7,820.6,2500.0,budding_pair,True,12,True,1.84,True,True,budding/frame14_cell11.tif
14,12,1651.6,894.1,2075.0,single,True,0,False,0.187,False,True,
14,13,301.6,971.9,3899.0,ambiguous,False,0,False,0.224,False,,
14,14,1008.7,983.5,3478.0,ambiguous,False,0,False,0.236,False,,
14,15,1056.3,1110.4,3493.0,budding_pair,True,8,True,0.272,True,True,budding/frame14_cell15.tif
14,16,649.5,1143.2,2376.0,single,True,0,False,0.125,False,True,non_budding/frame14_cell16.tif
15,1,1384.7,299.9,3076.0,budding_pair,True,14,True,2.219,True,True,budding/frame15_cell1.tif
15,2,530.0,343.8,389.0,single,True,0,False,0.129,False,True,non_budding/frame15_cell2.tif
15,3,1581.2,382.6,2418.0,single,True,0,False,0.046,False,True,non_budding/frame15_cell3.tif
15,4,46.5,393.4,1109.0,single,True,0,False,0.196,False,True,
15,5,687.3,478.4,2215.0,single,True,0,False,0.048,False,True,non_budding/frame15_cell5.tif
15,6,235.7,484.0,1794.0,single,True,0,False,1.899,False,True,non_budding/frame15_cell6.tif
15,7,716.1,629.4,2227.0,single,True,0,False,0.042,False,True,non_budding/frame15_cell7.tif
15,8,178.7,764.6,6006.0,multicell,False,0,False,0.593,False,,
15,9,423.5,780.1,3054.0,single,True,0,False,0.17,False,True,non_budding/frame15_cell9.tif
15,10,487.3,958.0,2720.0,single,True,0,False,0.122,False,True,non_budding/frame15_cell10.tif
15,11,931.9,953.0,2263.0,single,True,0,False,0.037,False,True,non_budding/frame15_cell11.tif
15,12,560.4,1028.3,3551.0,budding_pair,True,6,True,0.15,True,True,budding/frame15_cell12.tif
16,1,1264.8,58.9,3548.0,ambiguous,False,0,False,0.235,False,,
16,2,1642.8,163.5,1780.0,single,True,0,False,0.058,False,True,
16,3,698.4,216.0,2222.0,single,True,0,False,2.338,False,True,non_budding/frame16_cell3.tif
16,4,73.7,437.4,1704.0,single,True,0,False,0.359,False,True,non_budding/frame16_cell4.tif
16,5,334.2,576.4,2376.0,ambiguous,False,0,False,0.739,False,,
16,6,79.7,707.7,2252.0,budding_pair,True,11,True,0.49,True,True,budding/frame16_cell6.tif
16,7,1252.6,831.0,4046.0,budding_pair,True,3,False,0.209,True,False,budding/frame16_cell7.tif
16,8,1054.9,863.6,1661.0,budding_pair,True,7,True,0.382,True,True,budding/frame16_cell8.tif
16,9,1554.2,906.5,2891.0,budding_pair,True,3,False,0.155,True,False,budding/frame16_cell9.tif
16,10,800.7,1221.4,3053.0,multicell,False,0,False,1.147,False,,
17,1,816.3,38.3,4326.0,budding_pair,True,5,True,0.278,True,True,
17,2,1582.8,47.6,3220.0,budding_pair,True,11,True,0.788,True,True,
17,3,1359.6,106.4,3209.0,ambiguous,False,0,False,0.867,False,,
17,4,275.4,174.9,2121.0,single,True,0,False,2.122,False,True,non_budding/frame17_cell4.tif
17,5,480.1,172.6,1363.0,single,True,0,False,1.761,False,True,non_budding/frame17_cell5.tif
17,6,497.4,234.4,2401.0,single,True,0,False,0.369,False,True,non_budding/frame17_cell6.tif
17,7,55.6,398.6,1542.0,single,True,0,False,0.173,False,True,
17,8,584.2,406.1,1555.0,single,True,0,False,0.033,False,True,non_budding/frame17_cell8.tif
17,9,763.5,472.4,2452.0,single,True,0,False,0.226,False,True,non_budding/frame17_cell9.tif
17,10,1496.7,635.8,1357.0,single,True,0,False,1.992,False,True,non_budding/frame17_cell10.tif
17,11,1459.2,676.8,2897.0,single,True,0,False,1.923,False,True,non_budding/frame17_cell11.tif
17,12,300.4,679.5,2468.0,budding_pair,True,11,True,0.71,True,True,budding/frame17_cell12.tif
17,13,1271.6,772.7,2988.0,single,True,0,False,0.036,False,True,non_budding/frame17_cell13.tif
17,14,828.0,780.1,1510.0,single,True,0,False,0.038,False,True,non_budding/frame17_cell14.tif
17,15,1364.2,812.4,1249.0,single,True,0,False,2.021,False,True,non_budding/frame17_cell15.tif
17,16,170.7,956.8,2405.0,budding_pair,True,7,True,0.205,True,True,budding/frame17_cell16.tif
17,17,862.9,972.4,730.0,single,True,0,False,0.048,False,True,non_budding/frame17_cell17.tif
17,18,1300.6,1057.7,1963.0,budding_pair,True,5,True,0.293,True,True,budding/frame17_cell18.tif
17,19,1327.9,1200.4,2504.0,single,True,0,False,0.199,False,True,
18,1,1183.4,211.1,924.0,single,True,0,False,0.046,False,True,non_budding/frame18_cell1.tif
18,2,592.5,318.5,2274.0,single,True,0,False,0.03,False,True,non_budding/frame18_cell2.tif
18,3,546.8,312.9,677.0,single,True,0,False,0.053,False,True,non_budding/frame18_cell3.tif
18,4,495.7,330.6,1583.0,single,True,0,False,0.033,False,True,non_budding/frame18_cell4.tif
18,5,394.4,365.5,469.0,multicell,False,0,False,0.497,False,,
18,6,1247.5,994.9,2331.0,single,True,0,False,0.049,False,True,non_budding/frame18_cell6.tif
19,1,682.5,70.0,2131.0,budding_pair,True,12,True,2.095,True,True,budding/frame19_cell1.tif
19,2,436.8,133.9,5499.0,multicell,False,0,False,0.355,False,,
19,3,1646.4,572.5,2183.0,budding_pair,True,5,True,0.348,True,True,
19,4,1302.5,617.4,1332.0,single,True,0,False,0.044,False,True,non_budding/frame19_cell4.tif
19,5,1073.9,618.9,2580.0,budding_pair,True,8,True,0.618,True,True,budding/frame19_cell5.tif
19,6,639.1,732.9,1419.0,budding_pair,True,7,True,0.285,True,True,budding/frame19_cell6.tif
19,7,717.3,960.6,887.0,single,True,0,False,0.075,False,True,non_budding/frame19_cell7.tif
19,8,738.2,1000.6,1304.0,single,True,0,False,0.039,False,True,non_budding/frame19_cell8.tif
19,9,477.5,1056.8,1981.0,budding_pair,True,7,True,0.513,True,True,budding/frame19_cell9.tif
19,10,1476.0,1086.3,3074.0,single,True,0,False,0.045,False,True,non_budding/frame19_cell10.tif
19,11,1239.2,1145.7,1683.0,budding_pair,True,13,True,1.424,True,True,budding/frame19_cell11.tif
19,12,54.1,1194.2,2522.0,budding_pair,True,11,True,0.277,True,True,
19,13,237.3,1219.8,1538.0,single,True,0,False,0.193,False,True,
20,1,1324.2,41.5,2162.0,single,True,0,False,0.096,False,True,
20,2,1403.2,181.6,2460.0,single,True,0,False,0.752,False,True,non_budding/frame20_cell2.tif
20,3,1581.7,201.1,1981.0,single,True,0,False,0.125,False,True,non_budding/frame20_cell3.tif
20,4,888.7,287.0,2475.0,single,True,0,False,0.104,False,True,non_budding/frame20_cell4.tif
20,5,95.8,425.5,1723.0,single,True,0,False,0.208,False,True,non_budding/frame20_cell5.tif
20,6,690.8,435.2,2619.0,single,True,0,False,0.059,False,True,non_budding/frame20_cell6.tif
20,7,518.4,488.9,3471.0,single,True,0,False,0.047,False,True,non_budding/frame20_cell7.tif
20,8,952.6,537.8,3729.0,budding_pair,True,6,True,0.161,True,True,budding/frame20_cell8.tif
20,9,1426.5,761.0,2654.0,single,True,0,False,0.283,False,True,non_budding/frame20_cell9.tif
20,10,756.7,907.3,4326.0,budding_pair,True,6,True,0.263,True,True,budding/frame20_cell10.tif
20,11,1019.6,1108.9,3704.0,budding_pair,True,6,True,0.199,True,True,budding/frame20_cell11.tif
20,12,1370.2,1108.9,3418.0,budding_pair,True,5,True,0.188,True,True,budding/frame20_cell12.tif
20,13,124.4,1132.8,1462.0,single,True,0,False,1.156,False,True,non_budding/frame20_cell13.tif
20,14,796.0,1148.5,1867.0,budding_pair,True,6,True,0.279,True,True,budding/frame20_cell14.tif
20,15,293.0,1200.9,3434.0,multicell,False,0,False,0.291,False,,
21,1,1304.6,123.5,2081.0,single,True,0,False,0.28,False,True,non_budding/frame21_cell1.tif
21,2,1617.4,309.4,2185.0,budding_pair,True,8,True,0.438,True,True,budding/frame21_cell2.tif
21,3,176.1,315.2,2010.0,budding_pair,True,7,True,0.527,True,True,budding/frame21_cell3.tif
21,4,678.8,524.1,2691.0,single,True,0,False,0.097,False,True,non_budding/frame21_cell4.tif
21,5,909.8,558.0,3315.0,ambiguous,False,0,False,0.191,False,,
21,6,394.2,731.0,3349.0,single,True,0,False,0.093,False,True,non_budding/frame21_cell6.tif
21,7,1343.3,858.8,3047.0,budding_pair,True,7,True,0.397,True,True,budding/frame21_cell7.tif
21,8,944.2,1116.5,3713.0,budding_pair,True,6,True,0.232,True,True,budding/frame21_cell8.tif
22,1,1635.3,130.5,2151.0,single,True,0,False,0.219,False,True,
22,2,1595.2,177.3,1827.0,single,True,0,False,0.052,False,True,non_budding/frame22_cell2.tif
22,3,460.7,203.8,3654.0,single,True,0,False,0.043,False,True,non_budding/frame22_cell3.tif
22,4,1279.7,289.7,4275.0,ambiguous,False,0,False,0.487,False,,
22,5,1655.9,375.5,4325.0,budding_pair,True,7,True,0.356,True,True,
22,6,962.9,395.7,2534.0,single,True,0,False,0.045,False,True,non_budding/frame22_cell6.tif
22,7,1162.5,514.2,2547.0,single,True,0,False,0.105,False,True,non_budding/frame22_cell7.tif
22,8,279.0,530.4,2201.0,single,True,0,False,0.041,False,True,non_budding/frame22_cell8.tif
22,9,1377.9,784.3,3650.0,budding_pair,True,7,True,0.172,True,True,budding/frame22_cell9.tif
22,10,1242.3,886.5,1860.0,budding_pair,True,13,True,2.517,True,True,budding/frame22_cell10.tif
22,11,1414.3,901.0,3361.0,single,True,0,False,0.034,False,True,non_budding/frame22_cell11.tif
22,12,78.5,915.2,2107.0,budding_pair,True,11,True,0.439,True,True,budding/frame22_cell12.tif
22,13,146.3,919.3,3476.0,budding_pair,True,4,False,0.205,True,False,budding/frame22_cell13.tif
23,1,1485.8,126.9,1993.0,single,True,0,False,0.065,False,True,non_budding/frame23_cell1.tif
23,2,145.7,251.6,2646.0,single,True,0,False,0.128,False,True,non_budding/frame23_cell2.tif
23,3,107.4,297.9,1771.0,single,True,0,False,0.164,False,True,non_budding/frame23_cell3.tif
23,4,599.2,319.6,1537.0,single,True,0,False,0.237,False,True,non_budding/frame23_cell4.tif
23,5,157.5,464.4,1228.0,single,True,0,False,1.583,False,True,non_budding/frame23_cell5.tif
23,6,623.1,516.1,1459.0,single,True,0,False,2.029,False,True,non_budding/frame23_cell6.tif
23,7,166.8,514.0,2227.0,single,True,0,False,0.48,False,True,non_budding/frame23_cell7.tif
23,8,662.6,542.1,1740.0,single,True,0,False,0.2,False,True,non_budding/frame23_cell8.tif
23,9,525.0,566.9,1875.0,single,True,0,False,0.06,False,True,non_budding/frame23_cell9.tif
23,10,696.7,598.1,853.0,single,True,0,False,0.061,False,True,non_budding/frame23_cell10.tif
23,11,710.4,641.2,1476.0,single,True,0,False,0.125,False,True,non_budding/frame23_cell11.tif
23,12,1500.9,692.0,3216.0,budding_pair,True,3,False,0.149,False,True,non_budding/frame23_cell12.tif
23,13,965.8,1109.7,2319.0,single,True,0,False,0.075,False,True,non_budding/frame23_cell13.tif
23,14,617.0,1116.8,2501.0,single,True,0,False,0.146,False,True,non_budding/frame23_cell14.tif
24,1,1230.2,33.5,3206.0,budding_pair,True,10,True,1.059,True,True,
24,2,888.4,282.9,682.0,single,True,0,False,0.781,False,True,non_budding/frame24_cell2.tif
24,3,1226.4,353.7,12874.0,multicell,False,0,False,0.541,False,,
24,4,1076.3,464.6,3319.0,multicell,False,0,False,0.749,False,,
24,5,1532.3,518.5,2773.0,single,True,0,False,0.189,False,True,non_budding/frame24_cell5.tif
24,6,69.5,596.2,3342.0,ambiguous,False,0,False,0.401,False,,
24,7,521.3,642.9,2893.0,budding_pair,True,10,True,0.91,True,True,budding/frame24_cell7.tif
24,8,528.9,802.2,666.0,single,True,0,False,0.287,False,True,non_budding/frame24_cell8.tif
24,9,839.9,850.3,2551.0,budding_pair,True,5,True,0.377,True,True,budding/frame24_cell9.tif
24,10,1413.4,911.4,4204.0,multicell,False,0,False,0.269,False,,
24,11,919.1,942.6,2769.0,single,True,0,False,0.109,False,True,non_budding/frame24_cell11.tif
25,1,736.4,320.7,1609.0,budding_pair,True,7,True,0.388,True,True,budding/frame25_cell1.tif
25,2,1495.6,361.0,3615.0,budding_pair,True,12,True,0.301,True,True,budding/frame25_cell2.tif
25,3,570.8,392.2,2455.0,single,True,0,False,0.054,False,True,non_budding/frame25_cell3.tif
25,4,1494.8,432.2,2030.0,budding_pair,True,13,True,0.497,True,True,budding/frame25_cell4.tif
25,5,932.1,708.8,3871.0,ambiguous,False,0,False,0.279,False,,
25,6,286.8,731.6,1560.0,single,True,0,False,0.248,False,True,non_budding/frame25_cell6.tif
25,7,1122.3,741.8,2212.0,single,True,0,False,0.075,False,True,non_budding/frame25_cell7.tif
25,8,575.7,795.8,913.0,single,True,0,False,1.917,False,True,non_budding/frame25_cell8.tif
25,9,603.4,818.2,1293.0,single,True,0,False,0.041,False,True,non_budding/frame25_cell9.tif
25,10,1194.5,855.7,4450.0,ambiguous,False,0,False,0.425,False,,
25,11,1571.4,970.1,1999.0,single,True,0,False,0.203,False,True,non_budding/frame25_cell11.tif
25,12,1244.3,1117.5,2561.0,single,True,0,False,1.485,False,True,non_budding/frame25_cell12.tif
26,1,1069.6,132.4,1619.0,budding_pair,True,5,True,0.48,True,True,budding/frame26_cell1.tif
26,2,1209.6,170.1,1888.0,single,True,0,False,0.068,False,True,non_budding/frame26_cell2.tif
26,3,1178.2,299.1,1468.0,budding_pair,True,7,True,0.799,True,True,budding/frame26_cell3.tif
26,4,1137.9,310.4,951.0,single,True,0,False,0.099,False,True,non_budding/frame26_cell4.tif
26,5,1471.8,406.9,2097.0,single,True,0,False,0.65,False,True,non_budding/frame26_cell5.tif
26,6,995.6,609.6,2207.0,single,True,0,False,0.081,False,True,non_budding/frame26_cell6.tif
26,7,186.9,738.3,1709.0,single,True,0,False,1.575,False,True,non_budding/frame26_cell7.tif
26,8,259.2,758.9,2357.0,single,True,0,False,0.037,False,True,non_budding/frame26_cell8.tif
26,9,1202.9,875.3,1829.0,budding_pair,True,7,True,0.511,True,True,budding/frame26_cell9.tif
26,10,31.9,909.2,2080.0,single,True,0,False,0.172,False,True,
26,11,108.3,924.9,805.0,multicell,False,0,False,3.325,False,,
26,12,1484.9,926.0,3650.0,multicell,False,0,False,0.235,False,,
26,13,442.3,1155.3,2264.0,single,True,0,False,0.261,False,True,non_budding/frame26_cell13.tif
27,1,480.6,189.3,2002.0,budding_pair,True,12,True,2.336,True,True,budding/frame27_cell1.tif
27,2,1357.8,209.8,4381.0,budding_pair,True,6,True,0.244,True,True,budding/frame27_cell2.tif
27,3,141.0,324.9,1219.0,multicell,False,0,False,2.351,False,,
27,4,1242.6,326.3,2189.0,single,True,0,False,0.038,False,True,non_budding/frame27_cell4.tif
27,5,877.7,467.3,3432.0,single,True,0,False,0.059,False,True,non_budding/frame27_cell5.tif
27,6,492.7,575.4,2344.0,budding_pair,True,8,True,0.36,True,True,budding/frame27_cell6.tif
27,7,414.6,723.7,2275.0,budding_pair,True,15,True,2.123,True,True,budding/frame27_cell7.tif
27,8,697.7,737.0,1667.0,budding_pair,True,7,True,0.395,True,True,budding/frame27_cell8.tif
27,9,794.3,798.4,4598.0,ambiguous,False,0,False,0.271,False,,
27,10,1386.8,823.9,3682.0,budding_pair,True,7,True,0.174,True,True,budding/frame27_cell10.tif
27,11,1515.9,816.8,3113.0,budding_pair,True,17,True,1.333,True,True,budding/frame27_cell11.tif
27,12,1655.3,955.3,2779.0,single,True,0,False,0.055,False,True,
27,13,187.3,959.4,2643.0,single,True,0,False,1.419,False,True,non_budding/frame27_cell13.tif
27,14,353.5,1008.5,2384.0,budding_pair,True,14,True,0.646,True,True,budding/frame27_cell14.tif
27,15,993.9,1095.0,2640.0,single,True,0,False,0.046,False,True,non_budding/frame27_cell15.tif
27,16,1378.0,1146.9,3613.0,single,True,0,False,0.183,False,True,non_budding/frame27_cell16.tif
28,1,1540.0,111.5,4203.0,ambiguous,False,0,False,0.235,False,,
28,2,747.4,134.8,884.0,single,True,0,False,0.043,False,True,non_budding/frame28_cell2.tif
28,3,1292.6,391.8,1268.0,single,True,0,False,0.037,False,True,non_budding/frame28_cell3.tif
28,4,188.1,683.8,2476.0,single,True,0,False,0.047,False,True,non_budding/frame28_cell4.tif
28,5,1365.2,811.9,405.0,ambiguous,False,0,False,0.13,False,,
28,6,560.0,849.5,2758.0,single,True,0,False,0.115,False,True,non_budding/frame28_cell6.tif
28,7,1087.6,856.2,736.0,single,True,0,False,0.048,False,True,non_budding/frame28_cell7.tif
28,8,1112.9,883.3,1477.0,single,True,0,False,0.103,False,True,non_budding/frame28_cell8.tif
28,9,694.0,1011.5,1116.0,single,True,0,False,0.044,False,True,non_budding/frame28_cell9.tif
28,10,541.4,1151.7,2697.0,single,True,0,False,0.059,False,True,non_budding/frame28_cell10.tif
29,1,1588.0,47.8,2180.0,budding_pair,True,13,True,0.622,True,True,
29,2,1137.5,241.7,1519.0,single,True,0,False,0.045,False,True,non_budding/frame29_cell2.tif
29,3,39.5,398.4,3039.0,single,True,0,False,0.051,False,True,
29,4,1248.0,462.5,1507.0,budding_pair,True,7,True,0.466,True,True,budding/frame29_cell4.tif
29,5,873.7,509.9,999.0,single,True,0,False,0.044,False,True,non_budding/frame29_cell5.tif
29,6,880.7,563.7,1905.0,single,True,0,False,0.245,False,True,non_budding/frame29_cell6.tif
29,7,1417.6,550.7,932.0,single,True,0,False,0.04,False,True,non_budding/frame29_cell7.tif
29,8,1189.7,624.6,3179.0,single,True,0,False,0.056,False,True,non_budding/frame29_cell8.tif
29,9,967.8,629.3,2583.0,budding_pair,True,7,True,0.47,True,True,budding/frame29_cell9.tif
29,10,261.6,666.8,2176.0,budding_pair,True,10,True,0.994,True,True,budding/frame29_cell10.tif
29,11,895.3,798.7,2746.0,single,True,0,False,0.137,False,True,non_budding/frame29_cell11.tif
29,12,220.0,1152.3,2822.0,budding_pair,True,10,True,0.442,True,True,budding/frame29_cell12.tif
30,1,278.5,66.2,1637.0,single,True,0,False,0.209,False,True,non_budding/frame30_cell1.tif
30,2,825.6,148.9,1732.0,budding_pair,True,7,True,0.677,True,True,budding/frame30_cell2.tif
30,3,170.8,158.7,3138.0,single,True,0,False,0.281,False,True,non_budding/frame30_cell3.tif
30,4,1207.8,365.7,2109.0,budding_pair,True,7,True,0.529,True,True,budding/frame30_cell4.tif
30,5,454.0,500.7,1992.0,budding_pair,True,8,True,0.481,True,True,budding/frame30_cell5.tif
30,6,469.7,624.4,3159.0,single,True,0,False,0.057,False,True,non_budding/frame30_cell6.tif
30,7,1455.0,865.7,5737.0,multicell,False,0,False,0.47,False,,
30,8,364.3,932.1,2948.0,budding_pair,True,8,True,0.542,True,True,budding/frame30_cell8.tif
30,9,1606.9,1075.9,2368.0,single,True,0,False,0.257,False,True,non_budding/frame30_cell9.tif
30,10,336.2,1220.1,2750.0,budding_pair,True,16,True,0.656,True,True,
30,11,1203.5,1223.0,1292.0,single,True,0,False,0.406,False,True,
31,1,1465.1,250.3,3265.0,single,True,0,False,0.039,False,True,non_budding/frame31_cell1.tif
31,2,544.6,283.9,4289.0,budding_pair,True,3,False,0.231,True,False,budding/frame31_cell2.tif
31,3,1170.1,335.6,2190.0,budding_pair,True,10,True,0.535,True,True,budding/frame31_cell3.tif
31,4,189.4,416.3,3913.0,budding_pair,True,5,True,0.241,True,True,budding/frame31_cell4.tif
31,5,1180.5,580.7,1032.0,single,True,0,False,0.044,False,True,non_budding/frame31_cell5.tif
31,6,933.0,636.9,979.0,single,True,0,False,0.044,False,True,non_budding/frame31_cell6.tif
31,7,1038.7,929.8,1605.0,budding_pair,True,7,True,0.581,True,True,budding/frame31_cell7.tif
31,8,1082.5,912.7,1514.0,budding_pair,True,8,True,0.443,True,True,budding/frame31_cell8.tif
32,1,804.2,241.5,1168.0,single,True,0,False,0.325,False,True,non_budding/frame32_cell1.tif
32,2,1159.2,518.6,2125.0,budding_pair,True,8,True,0.592,True,True,budding/frame32_cell2.tif
32,3,1423.9,579.2,1772.0,budding_pair,True,7,True,0.538,True,True,budding/frame32_cell3.tif
32,4,994.1,651.8,4471.0,budding_pair,True,5,True,0.203,True,True,budding/frame32_cell4.tif
32,5,800.6,703.2,1518.0,single,True,0,False,0.037,False,True,non_budding/frame32_cell5.tif
32,6,861.8,874.5,3675.0,ambiguous,False,0,False,0.053,False,,
32,7,339.7,909.7,2354.0,budding_pair,True,11,True,0.637,True,True,budding/frame32_cell7.tif
32,8,1025.0,908.5,1314.0,single,True,0,False,0.069,False,True,non_budding/frame32_cell8.tif
32,9,1375.0,991.6,2106.0,budding_pair,True,7,True,0.407,True,True,budding/frame32_cell9.tif
32,10,1610.8,1002.3,1767.0,budding_pair,True,12,True,1.15,True,True,budding/frame32_cell10.tif
32,11,496.7,1003.9,2421.0,single,True,0,False,0.061,False,True,non_budding/frame32_cell11.tif
32,12,331.2,1154.4,1479.0,single,True,0,False,1.766,False,True,non_budding/frame32_cell12.tif
33,1,1524.1,142.8,1671.0,budding_pair,True,5,True,0.312,True,True,budding/frame33_cell1.tif
33,2,915.9,247.1,3841.0,multicell,False,0,False,1.157,False,,
33,3,858.9,243.9,816.0,single,True,0,False,0.049,False,True,non_budding/frame33_cell3.tif
33,4,444.7,345.6,3629.0,budding_pair,True,15,True,0.807,True,True,budding/frame33_cell4.tif
33,5,1059.2,325.0,825.0,single,True,0,False,0.048,False,True,non_budding/frame33_cell5.tif
33,6,566.4,427.8,2283.0,single,True,0,False,0.047,False,True,non_budding/frame33_cell6.tif
33,7,1213.0,477.2,1556.0,single,True,0,False,2.421,False,True,non_budding/frame33_cell7.tif
33,8,610.2,646.9,1495.0,single,True,0,False,1.582,False,True,non_budding/frame33_cell8.tif
33,9,804.9,844.7,1456.0,single,True,0,False,0.052,False,True,non_budding/frame33_cell9.tif
33,10,240.6,956.1,2592.0,budding_pair,True,15,True,0.33,True,True,budding/frame33_cell10.tif
33,11,369.4,1014.4,2331.0,single,True,0,False,0.232,False,True,non_budding/frame33_cell11.tif
33,12,736.4,1035.0,3477.0,single,True,0,False,0.054,False,True,non_budding/frame33_cell12.tif
34,1,406.3,121.6,2416.0,single,True,0,False,0.062,False,True,non_budding/frame34_cell1.tif
34,2,1125.1,224.3,2208.0,budding_pair,True,8,True,0.414,True,True,budding/frame34_cell2.tif
34,3,861.6,222.4,3350.0,budding_pair,True,8,True,0.628,True,True,budding/frame34_cell3.tif
34,4,423.2,382.9,832.0,single,True,0,False,0.039,False,True,non_budding/frame34_cell4.tif
34,5,1568.6,398.7,2999.0,single,True,0,False,0.042,False,True,non_budding/frame34_cell5.tif
34,6,464.2,410.2,3038.0,single,True,0,False,0.044,False,True,non_budding/frame34_cell6.tif
34,7,99.3,427.7,2653.0,budding_pair,True,7,True,0.615,True,True,budding/frame34_cell7.tif
34,8,448.3,465.8,3104.0,budding_pair,True,10,True,0.519,True,True,budding/frame34_cell8.tif
34,9,270.4,471.0,2311.0,budding_pair,True,7,True,0.462,True,True,budding/frame34_cell9.tif
34,10,790.6,641.7,2274.0,budding_pair,True,5,True,0.576,True,True,budding/frame34_cell10.tif
34,11,1257.4,760.3,2236.0,budding_pair,True,8,True,0.5,True,True,budding/frame34_cell11.tif
34,12,988.2,784.7,1143.0,single,True,0,False,0.052,False,True,non_budding/frame34_cell12.tif
34,13,1458.6,880.3,2013.0,single,True,0,False,0.04,False,True,non_budding/frame34_cell13.tif
34,14,767.1,900.1,2108.0,budding_pair,True,10,True,0.55,True,True,budding/frame34_cell14.tif
34,15,1419.5,979.9,2326.0,budding_pair,True,9,True,0.591,True,True,budding/frame34_cell15.tif
34,16,1543.2,980.2,2933.0,single,True,0,False,0.142,False,True,non_budding/frame34_cell16.tif
34,17,1463.8,989.9,1571.0,single,True,0,False,2.338,False,True,non_budding/frame34_cell17.tif
34,18,1200.5,1128.5,1095.0,single,True,0,False,0.054,False,True,non_budding/frame34_cell18.tif
35,1,99.0,89.2,1370.0,single,True,0,False,0.123,False,True,non_budding/frame35_cell1.tif
35,2,582.9,248.8,2171.0,single,True,0,False,0.063,False,True,non_budding/frame35_cell2.tif
35,3,1249.5,271.9,1496.0,budding_pair,True,5,True,0.342,True,True,budding/frame35_cell3.tif
35,4,511.7,278.8,1894.0,single,True,0,False,0.057,False,True,non_budding/frame35_cell4.tif
35,5,931.1,322.6,7762.0,multicell,False,0,False,0.448,False,,
35,6,1428.4,322.0,2017.0,single,True,0,False,0.101,False,True,non_budding/frame35_cell6.tif
35,7,1055.9,325.6,2467.0,single,True,0,False,0.201,False,True,non_budding/frame35_cell7.tif
35,8,1259.9,437.2,2823.0,single,True,0,False,0.185,False,True,non_budding/frame35_cell8.tif
35,9,898.5,462.7,1924.0,single,True,0,False,0.068,False,True,non_budding/frame35_cell9.tif
35,10,869.4,607.0,2178.0,single,True,0,False,0.06,False,True,non_budding/frame35_cell10.tif
35,11,201.0,652.8,2564.0,budding_pair,True,14,True,0.651,True,True,budding/frame35_cell11.tif
35,12,290.4,667.1,2101.0,single,True,0,False,0.341,False,True,non_budding/frame35_cell12.tif
35,13,1163.4,680.2,3350.0,budding_pair,True,12,True,0.186,True,True,budding/frame35_cell13.tif
35,14,1537.9,759.2,2517.0,single,True,0,False,0.153,False,True,non_budding/frame35_cell14.tif
35,15,1318.4,856.2,2300.0,budding_pair,True,11,True,0.526,True,True,budding/frame35_cell15.tif
35,16,1579.3,919.1,1307.0,single,True,0,False,0.118,False,True,non_budding/frame35_cell16.tif
35,17,443.5,999.6,2608.0,single,True,0,False,0.206,False,True,non_budding/frame35_cell17.tif
35,18,630.9,1090.9,2699.0,budding_pair,True,10,True,0.68,True,True,budding/frame35_cell18.tif
36,1,259.9,90.9,1296.0,single,True,0,False,0.176,False,True,non_budding/frame36_cell1.tif
36,2,332.6,149.5,2088.0,single,True,0,False,0.312,False,True,non_budding/frame36_cell2.tif
36,3,281.5,195.7,1451.0,ambiguous,False,0,False,0.164,False,,
36,4,572.5,239.0,2143.0,single,True,0,False,0.06,False,True,non_budding/frame36_cell4.tif
36,5,654.8,399.7,2982.0,single,True,0,False,0.063,False,True,non_budding/frame36_cell5.tif
36,6,964.4,508.1,2307.0,single,True,0,False,0.058,False,True,non_budding/frame36_cell6.tif
36,7,1010.2,673.6,1761.0,single,True,0,False,0.066,False,True,non_budding/frame36_cell7.tif
36,8,332.1,704.9,2058.0,single,True,0,False,0.127,False,True,non_budding/frame36_cell8.tif
36,9,463.2,718.5,2834.0,single,True,0,False,0.162,False,True,non_budding/frame36_cell9.tif
36,10,1160.4,769.6,2219.0,single,True,0,False,0.052,False,True,non_budding/frame36_cell10.tif
36,11,1622.0,813.1,3081.0,budding_pair,True,22,True,1.065,True,True,budding/frame36_cell11.tif
36,12,1446.4,833.9,2321.0,single,True,0,False,0.112,False,True,non_budding/frame36_cell12.tif
36,13,384.3,954.9,2286.0,budding_pair,True,12,True,0.495,True,True,budding/frame36_cell13.tif
36,14,294.8,987.3,2410.0,single,True,0,False,0.172,False,True,non_budding/frame36_cell14.tif
36,15,363.1,1088.0,2081.0,single,True,0,False,0.144,False,True,non_budding/frame36_cell15.tif
36,16,830.2,1142.9,2287.0,single,True,0,False,0.129,False,True,non_budding/frame36_cell16.tif
36,17,690.7,1193.1,2735.0,single,True,0,False,0.108,False,True,non_budding/frame36_cell17.tif
37,1,710.8,67.6,2040.0,single,True,0,False,0.228,False,True,non_budding/frame37_cell1.tif
37,2,489.3,103.8,4163.0,budding_pair,True,9,True,0.253,True,True,budding/frame37_cell2.tif
37,3,1461.4,141.3,2218.0,single,True,0,False,0.263,False,True,non_budding/frame37_cell3.tif
37,4,437.2,185.3,2650.0,single,True,0,False,0.185,False,True,non_budding/frame37_cell4.tif
37,5,813.8,289.6,1940.0,single,True,0,False,0.261,False,True,non_budding/frame37_cell5.tif
37,6,579.4,371.6,2262.0,single,True,0,False,1.97,False,True,non_budding/frame37_cell6.tif
37,7,1402.3,396.0,3052.0,budding_pair,True,7,True,0.225,True,True,budding/frame37_cell7.tif
37,8,1422.8,525.9,2395.0,single,True,0,False,0.049,False,True,non_budding/frame37_cell8.tif
37,9,339.1,529.6,2259.0,single,True,0,False,0.224,False,True,non_budding/frame37_cell9.tif
37,10,565.2,604.8,3216.0,single,True,0,False,0.033,False,True,non_budding/frame37_cell10.tif
37,11,1411.9,633.3,2298.0,single,True,0,False,0.232,False,True,non_budding/frame37_cell11.tif
37,12,1298.5,663.5,2131.0,single,True,0,False,1.138,False,True,non_budding/frame37_cell12.tif
37,13,494.6,794.7,2800.0,single,True,0,False,0.067,False,True,non_budding/frame37_cell13.tif
37,14,836.0,797.3,2307.0,single,True,0,False,0.035,False,True,non_budding/frame37_cell14.tif
37,15,757.4,803.7,3810.0,budding_pair,True,8,True,0.178,True,True,budding/frame37_cell15.tif
37,16,326.7,857.4,2197.0,budding_pair,True,9,True,0.351,True,True,budding/frame37_cell16.tif
37,17,1665.3,845.1,1133.0,single,True,0,False,0.175,False,True,
37,18,1384.7,885.9,3476.0,single,True,0,False,0.033,False,True,non_budding/frame37_cell18.tif
37,19,1103.8,966.3,1893.0,budding_pair,True,8,True,0.279,True,True,budding/frame37_cell19.tif
37,20,820.9,1001.2,1926.0,single,True,0,False,0.442,False,True,non_budding/frame37_cell20.tif
37,21,1449.5,1085.0,2319.0,single,True,0,False,0.198,False,True,non_budding/frame37_cell21.tif
37,22,741.3,1142.2,1911.0,single,True,0,False,0.064,False,True,non_budding/frame37_cell22.tif
37,23,1544.7,1146.6,1546.0,single,True,0,False,0.136,False,True,non_budding/frame37_cell23.tif
37,24,1059.6,1226.0,2620.0,budding_pair,True,7,True,0.449,True,True,
37,25,624.8,1230.4,1373.0,ambiguous,False,0,False,0.263,False,,
38,1,111.1,37.4,2549.0,budding_pair,True,9,True,0.53,True,True,
38,2,1371.7,158.5,2568.0,single,True,0,False,0.198,False,True,non_budding/frame38_cell2.tif
38,3,987.0,190.6,2975.0,budding_pair,True,6,True,0.15,True,True,budding/frame38_cell3.tif
38,4,938.4,273.6,3253.0,single,True,0,False,0.058,False,True,non_budding/frame38_cell4.tif
38,5,1277.0,274.3,3601.0,budding_pair,True,8,True,0.233,True,True,budding/frame38_cell5.tif
38,6,1101.4,290.5,3589.0,ambiguous,False,0,False,0.183,False,,
38,7,170.4,309.8,4186.0,single,True,0,False,0.18,False,True,non_budding/frame38_cell7.tif
38,8,641.1,305.0,3501.0,single,True,0,False,0.042,False,True,non_budding/frame38_cell8.tif
38,9,780.0,305.0,2014.0,single,True,0,False,0.061,False,True,non_budding/frame38_cell9.tif
38,10,499.4,380.7,2098.0,single,True,0,False,0.057,False,True,non_budding/frame38_cell10.tif
38,11,1636.8,385.8,1561.0,single,True,0,False,0.165,False,True,
38,12,338.1,434.8,1535.0,multicell,False,0,False,2.685,False,,
38,13,336.3,433.0,511.0,single,True,0,False,0.405,False,True,non_budding/frame38_cell13.tif
38,14,1662.2,597.0,1548.0,single,True,0,False,0.159,False,True,
38,15,1324.9,775.1,2145.0,single,True,0,False,0.191,False,True,non_budding/frame38_cell15.tif
38,16,787.1,920.3,4117.0,ambiguous,False,0,False,0.215,False,,
38,17,373.4,938.3,2976.0,single,True,0,False,0.181,False,True,non_budding/frame38_cell17.tif
38,18,73.8,971.5,1202.0,single,True,0,False,0.123,False,True,non_budding/frame38_cell18.tif
38,19,1304.8,1120.9,1846.0,single,True,0,False,0.065,False,True,non_budding/frame38_cell19.tif
38,20,295.9,1168.9,2000.0,single,True,0,False,0.14,False,True,non_budding/frame38_cell20.tif
39,1,446.4,73.8,3311.0,budding_pair,True,8,True,0.265,True,True,budding/frame39_cell1.tif
39,2,1456.8,72.1,1839.0,single,True,0,False,0.054,False,True,non_budding/frame39_cell2.tif
39,3,308.8,147.2,2492.0,budding_pair,True,11,True,0.608,True,True,budding/frame39_cell3.tif
39,4,243.7,260.7,984.0,single,True,0,False,0.226,False,True,non_budding/frame39_cell4.tif
39,5,492.7,293.6,2007.0,single,True,0,False,2.109,False,True,non_budding/frame39_cell5.tif
39,6,1223.0,430.0,2186.0,single,True,0,False,0.185,False,True,non_budding/frame39_cell6.tif
39,7,979.2,438.8,3329.0,single,True,0,False,0.035,False,True,non_budding/frame39_cell7.tif
39,8,117.7,506.0,1647.0,single,True,0,False,0.238,False,True,non_budding/frame39_cell8.tif
39,9,1323.1,581.6,2082.0,single,True,0,False,0.063,False,True,non_budding/frame39_cell9.tif
39,10,274.6,707.9,5456.0,multicell,False,0,False,1.577,False,,
39,11,143.9,718.4,1560.0,single,True,0,False,0.212,False,True,non_budding/frame39_cell11.tif
39,12,1399.8,735.3,4424.0,ambiguous,False,0,False,0.256,False,,
39,13,740.9,795.1,1923.0,single,True,0,False,0.042,False,True,non_budding/frame39_cell13.tif
39,14,703.3,849.8,3276.0,budding_pair,True,14,True,0.422,True,True,budding/frame39_cell14.tif
39,15,185.3,949.1,1765.0,single,True,0,False,0.136,False,True,non_budding/frame39_cell15.tif
39,16,1574.2,973.7,1992.0,single,True,0,False,0.173,False,True,non_budding/frame39_cell16.tif
39,17,418.3,1060.4,3134.0,single,True,0,False,0.528,False,True,non_budding/frame39_cell17.tif
39,18,512.6,1046.8,1501.0,budding_pair,True,13,True,0.775,True,True,budding/frame39_cell18.tif
40,1,1186.7,57.1,2047.0,single,True,0,False,1.819,False,True,
40,2,398.0,68.5,2847.0,budding_pair,True,7,True,0.302,True,True,budding/frame40_cell2.tif
40,3,1032.1,197.6,3001.0,single,True,0,False,0.072,False,True,non_budding/frame40_cell3.tif
40,4,1407.7,264.2,2855.0,single,True,0,False,0.506,False,True,non_budding/frame40_cell4.tif
40,5,850.5,453.2,2146.0,budding_pair,True,7,True,0.588,True,True,budding/frame40_cell5.tif
40,6,1027.6,482.6,2113.0,budding_pair,True,8,True,0.387,True,True,budding/frame40_cell6.tif
40,7,271.6,505.8,2197.0,single,True,0,False,1.606,False,True,non_budding/frame40_cell7.tif
40,8,151.9,548.0,3387.0,ambiguous,False,0,False,0.265,False,,
40,9,730.4,629.2,3884.0,single,True,0,False,0.059,False,True,non_budding/frame40_cell9.tif
40,10,375.7,712.5,2349.0,single,True,0,False,1.452,False,True,non_budding/frame40_cell10.tif
40,11,850.3,833.7,3615.0,ambiguous,False,0,False,0.156,False,,
40,12,311.8,815.8,2014.0,single,True,0,False,0.4,False,True,non_budding/frame40_cell12.tif
40,13,1018.5,837.3,1421.0,budding_pair,True,8,True,0.273,True,True,budding/frame40_cell13.tif
40,14,158.8,1027.0,2156.0,single,True,0,False,0.156,False,True,non_budding/frame40_cell14.tif
40,15,1321.2,1045.6,6757.0,multicell,False,0,False,0.66,False,,
40,16,250.8,1033.2,1888.0,single,True,0,False,0.231,False,True,non_budding/frame40_cell16.tif
40,17,1296.2,1116.1,1851.0,single,True,0,False,1.183,False,True,non_budding/frame40_cell17.tif
40,18,1604.6,1152.4,2432.0,single,True,0,False,0.296,False,True,non_budding/frame40_cell18.tif
40,19,86.3,1206.9,1649.0,single,True,0,False,0.311,False,True,
41,1,392.6,64.6,2064.0,budding_pair,True,9,True,0.421,True,True,budding/frame41_cell1.tif
41,2,1488.0,282.1,1203.0,single,True,0,False,0.04,False,True,non_budding/frame41_cell2.tif
41,3,670.9,302.5,2153.0,single,True,0,False,0.077,False,True,non_budding/frame41_cell3.tif
41,4,648.6,338.8,1709.0,budding_pair,True,8,True,0.548,True,True,budding/frame41_cell4.tif
41,5,287.3,388.1,929.0,single,True,0,False,0.05,False,True,non_budding/frame41_cell5.tif
41,6,561.9,780.8,3531.0,multicell,False,0,False,0.585,False,,
41,7,1118.3,821.3,2205.0,single,True,0,False,0.033,False,True,non_budding/frame41_cell7.tif
41,8,1490.3,882.9,1711.0,budding_pair,True,7,True,0.374,True,True,budding/frame41_cell8.tif
41,9,1634.0,987.6,1432.0,single,True,0,False,2.436,False,True,non_budding/frame41_cell9.tif
41,10,359.8,1041.7,758.0,single,True,0,False,0.072,False,True,non_budding/frame41_cell10.tif
41,11,1590.6,1099.7,2419.0,budding_pair,True,21,True,1.969,True,True,budding/frame41_cell11.tif
41,12,891.6,1183.7,1988.0,ambiguous,False,0,False,0.478,False,,
41,13,569.4,1229.9,2484.0,ambiguous,False,0,False,0.638,False,,
42,1,1287.6,53.3,3792.0,single,True,0,False,0.164,False,True,
42,2,1440.2,99.7,1650.0,single,True,0,False,0.066,False,True,non_budding/frame42_cell2.tif
42,3,440.3,196.7,2864.0,single,True,0,False,0.184,False,True,non_budding/frame42_cell3.tif
42,4,240.8,382.4,1998.0,single,True,0,False,0.127,False,True,non_budding/frame42_cell4.tif
42,5,1585.7,396.2,2269.0,single,True,0,False,0.049,False,True,non_budding/frame42_cell5.tif
42,6,974.6,445.7,5391.0,budding_pair,True,7,True,0.431,True,True,budding/frame42_cell6.tif
42,7,1522.0,552.7,2897.0,single,True,0,False,0.079,False,True,non_budding/frame42_cell7.tif
42,8,792.5,766.3,1792.0,single,True,0,False,0.244,False,True,non_budding/frame42_cell8.tif
42,9,1069.2,787.3,1792.0,budding_pair,True,5,True,0.413,True,True,budding/frame42_cell9.tif
42,10,737.5,925.2,2293.0,single,True,0,False,0.195,False,True,non_budding/frame42_cell10.tif
42,11,1381.7,947.3,3758.0,budding_pair,True,8,True,0.291,True,True,budding/frame42_cell11.tif
42,12,241.8,985.0,2091.0,budding_pair,True,6,True,0.427,True,True,budding/frame42_cell12.tif
42,13,1260.0,1061.4,2460.0,budding_pair,True,9,True,0.553,True,True,budding/frame42_cell13.tif
42,14,389.4,1089.0,1793.0,single,True,0,False,0.19,False,True,non_budding/frame42_cell14.tif
42,15,347.0,1199.0,2478.0,budding_pair,True,8,True,0.181,True,True,
43,1,192.2,73.6,1775.0,single,True,0,False,0.144,False,True,non_budding/frame43_cell1.tif
43,2,374.1,136.0,2452.0,single,True,0,False,0.26,False,True,non_budding/frame43_cell2.tif
43,3,990.8,159.0,2834.0,budding_pair,True,11,True,0.975,True,True,budding/frame43_cell3.tif
43,4,832.4,179.4,1542.0,single,True,0,False,0.074,False,True,non_budding/frame43_cell4.tif
43,5,126.8,229.6,2216.0,single,True,0,False,0.123,False,True,non_budding/frame43_cell5.tif
43,6,884.4,323.6,3315.0,budding_pair,True,7,True,0.148,False,False,non_budding/frame43_cell6.tif
43,7,1461.0,442.0,2448.0,single,True,0,False,0.133,False,True,non_budding/frame43_cell7.tif
43,8,852.7,444.9,2958.0,budding_pair,True,7,True,0.172,True,True,budding/frame43_cell8.tif
43,9,1602.0,658.9,3366.0,budding_pair,True,9,True,0.272,True,True,budding/frame43_cell9.tif
43,10,877.2,681.8,2015.0,single,True,0,False,0.061,False,True,non_budding/frame43_cell10.tif
43,11,312.6,735.0,3521.0,single,True,0,False,0.158,False,True,non_budding/frame43_cell11.tif
43,12,1290.9,764.8,2710.0,single,True,0,False,0.039,False,True,non_budding/frame43_cell12.tif
43,13,365.1,812.7,2639.0,single,True,0,False,0.058,False,True,non_budding/frame43_cell13.tif
43,14,1359.3,844.1,5522.0,ambiguous,False,0,False,0.341,False,,
43,15,771.1,838.3,2871.0,single,True,0,False,0.066,False,True,non_budding/frame43_cell15.tif
43,16,1609.1,943.9,2678.0,budding_pair,True,7,True,0.489,True,True,budding/frame43_cell16.tif
43,17,803.4,942.0,1903.0,single,True,0,False,1.759,False,True,non_budding/frame43_cell17.tif
43,18,538.5,1003.1,1767.0,single,True,0,False,0.08,False,True,non_budding/frame43_cell18.tif
43,19,845.1,1087.1,3101.0,single,True,0,False,0.04,False,True,non_budding/frame43_cell19.tif
43,20,819.1,1153.7,1563.0,single,True,0,False,0.127,False,True,non_budding/frame43_cell20.tif
44,1,403.0,51.6,2874.0,budding_pair,True,9,True,0.213,True,True,
44,2,464.4,216.4,2151.0,budding_pair,True,15,True,1.72,True,True,budding/frame44_cell2.tif
44,3,1374.4,294.3,3131.0,single,True,0,False,0.16,False,True,non_budding/frame44_cell3.tif
44,4,1597.3,411.9,2761.0,single,True,0,False,0.206,False,True,non_budding/frame44_cell4.tif
44,5,819.5,439.5,2083.0,single,True,0,False,0.057,False,True,non_budding/frame44_cell5.tif
44,6,690.1,448.9,1812.0,single,True,0,False,0.212,False,True,non_budding/frame44_cell6.tif
44,7,765.0,494.1,3261.0,single,True,0,False,0.058,False,True,non_budding/frame44_cell7.tif
44,8,688.1,546.4,4483.0,budding_pair,True,8,True,0.257,True,True,budding/frame44_cell8.tif
44,9,71.5,565.1,3457.0,budding_pair,True,13,True,1.299,True,True,budding/frame44_cell9.tif
44,10,211.6,663.8,2539.0,single,True,0,False,0.133,False,True,non_budding/frame44_cell10.tif
44,11,547.7,703.9,2747.0,budding_pair,True,8,True,0.461,True,True,budding/frame44_cell11.tif
44,12,1149.9,1040.8,1140.0,single,True,0,False,0.442,False,True,non_budding/frame44_cell12.tif
44,13,880.9,1105.0,2713.0,single,True,0,False,0.102,False,True,non_budding/frame44_cell13.tif
44,14,643.4,1187.2,1911.0,single,True,0,False,0.061,False,True,non_budding/frame44_cell14.tif
45,1,172.6,221.9,1967.0,budding_pair,True,10,True,1.188,True,True,budding/frame45_cell1.tif
45,2,573.5,293.0,4064.0,ambiguous,False,0,False,0.176,False,,
45,3,461.9,599.2,4941.0,budding_pair,True,8,True,0.236,True,True,budding/frame45_cell3.tif
45,4,656.2,649.7,2162.0,budding_pair,True,7,True,0.486,True,True,budding/frame45_cell4.tif
45,5,606.0,687.7,1147.0,single,True,0,False,0.041,False,True,non_budding/frame45_cell5.tif
45,6,780.7,869.7,1376.0,single,True,0,False,0.194,False,True,non_budding/frame45_cell6.tif
45,7,1026.2,1144.9,3751.0,budding_pair,True,7,True,0.185,True,True,budding/frame45_cell7.tif
45,8,653.6,1157.8,3767.0,budding_pair,True,4,False,0.193,True,False,budding/frame45_cell8.tif
45,9,242.6,1166.9,2343.0,budding_pair,True,3,False,0.248,True,False,budding/frame45_cell9.tif
45,10,552.1,1213.3,1263.0,single,True,0,False,0.24,False,True,
46,1,787.3,103.0,3654.0,budding_pair,True,6,True,0.165,True,True,budding/frame46_cell1.tif
46,2,81.9,308.8,1541.0,single,True,0,False,0.78,False,True,non_budding/frame46_cell2.tif
46,3,935.6,400.0,1860.0,ambiguous,False,0,False,0.752,False,,
46,4,1332.7,451.5,2021.0,single,True,0,False,0.05,False,True,non_budding/frame46_cell4.tif
46,5,516.4,506.3,1933.0,ambiguous,False,0,False,0.27,False,,
46,6,671.4,575.7,1348.0,single,True,0,False,2.168,False,True,non_budding/frame46_cell6.tif
46,7,1143.5,672.7,1561.0,budding_pair,True,7,True,0.474,True,True,budding/frame46_cell7.tif
46,8,961.8,693.7,3619.0,budding_pair,True,3,False,0.158,True,False,budding/frame46_cell8.tif
46,9,362.6,682.7,1480.0,budding_pair,True,8,True,0.371,True,True,budding/frame46_cell9.tif
46,10,497.5,1059.9,4522.0,budding_pair,True,12,True,0.258,True,True,budding/frame46_cell10.tif
46,11,1504.8,1100.4,2103.0,single,True,0,False,0.593,False,True,non_budding/frame46_cell11.tif
46,12,1616.3,1115.0,1037.0,single,True,0,False,0.592,False,True,non_budding/frame46_cell12.tif
46,13,1217.7,1164.8,1067.0,single,True,0,False,0.345,False,True,non_budding/frame46_cell13.tif
47,1,1185.8,124.1,1166.0,single,True,0,False,0.041,False,True,non_budding/frame47_cell1.tif
47,2,483.7,317.8,2425.0,single,True,0,False,0.052,False,True,non_budding/frame47_cell2.tif
47,3,895.5,451.6,2442.0,single,True,0,False,0.276,False,True,non_budding/frame47_cell3.tif
47,4,1516.6,767.4,1860.0,budding_pair,True,7,True,0.491,True,True,budding/frame47_cell4.tif
47,5,1169.4,881.7,3177.0,budding_pair,True,7,True,0.179,True,True,budding/frame47_cell5.tif
47,6,633.4,1061.4,1803.0,budding_pair,True,12,True,0.967,True,True,budding/frame47_cell6.tif
47,7,839.0,1158.8,1758.0,budding_pair,True,7,True,0.454,True,True,budding/frame47_cell7.tif
47,8,168.3,1205.7,1841.0,single,True,0,False,0.19,False,True,
47,9,277.9,1222.3,1040.0,single,True,0,False,0.186,False,True,
48,1,83.4,134.5,5714.0,multicell,False,0,False,0.459,False,,
48,2,1246.1,133.2,2094.0,budding_pair,True,8,True,0.54,True,True,budding/frame48_cell2.tif
48,3,1543.6,320.4,1869.0,budding_pair,True,7,True,0.377,True,True,budding/frame48_cell3.tif
48,4,597.2,317.6,1168.0,single,True,0,False,0.041,False,True,non_budding/frame48_cell4.tif
48,5,117.1,461.5,3049.0,single,True,0,False,0.043,False,True,non_budding/frame48_cell5.tif
48,6,999.1,474.9,1889.0,budding_pair,True,7,True,0.422,True,True,budding/frame48_cell6.tif
48,7,1232.5,503.7,3442.0,budding_pair,True,9,True,0.665,True,True,budding/frame48_cell7.tif
48,8,1366.0,654.0,6221.0,multicell,False,0,False,0.322,False,,
48,9,278.0,800.9,1045.0,single,True,0,False,0.045,False,True,non_budding/frame48_cell9.tif
48,10,1449.1,844.9,1736.0,budding_pair,True,7,True,0.318,True,True,budding/frame48_cell10.tif
48,11,1372.8,1003.4,1513.0,single,True,0,False,0.04,False,True,non_budding/frame48_cell11.tif
48,12,1615.1,1068.0,2255.0,budding_pair,True,12,True,1.037,True,True,budding/frame48_cell12.tif
49,1,1389.2,282.5,1532.0,budding_pair,True,5,True,0.282,True,True,budding/frame49_cell1.tif
49,2,412.8,326.8,4472.0,budding_pair,True,6,True,0.194,True,True,budding/frame49_cell2.tif
49,3,433.9,490.0,1817.0,budding_pair,True,10,True,0.448,True,True,budding/frame49_cell3.tif
49,4,1008.8,547.4,2174.0,single,True,0,False,0.042,False,True,non_budding/frame49_cell4.tif
49,5,802.2,1036.0,1152.0,single,True,0,False,0.041,False,True,non_budding/frame49_cell5.tif
49,6,1003.0,1035.2,1102.0,single,True,0,False,0.3,False,True,non_budding/frame49_cell6.tif
49,7,1085.8,1154.5,1660.0,single,True,0,False,0.037,False,True,non_budding/frame49_cell7.tif
50,1,1537.8,333.5,2916.0,budding_pair,True,4,False,0.689,True,False,budding/frame50_cell1.tif
50,2,1570.0,467.6,2258.0,single,True,0,False,0.076,False,True,non_budding/frame50_cell2.tif
50,3,435.8,531.0,2362.0,single,True,0,False,0.069,False,True,non_budding/frame50_cell3.tif
50,4,189.8,673.2,1692.0,single,True,0,False,0.588,False,True,non_budding/frame50_cell4.tif
50,5,1234.7,691.4,633.0,ambiguous,False,0,False,0.771,False,,
50,6,325.5,966.6,1660.0,single,True,0,False,1.141,False,True,non_budding/frame50_cell6.tif
50,7,756.2,1083.0,1756.0,single,True,0,False,0.066,False,True,non_budding/frame50_cell7.tif
50,8,400.1,1126.1,3801.0,budding_pair,True,11,True,0.352,True,True,budding/frame50_cell8.tif
50,9,1322.7,1141.5,2355.0,budding_pair,True,5,True,0.337,True,True,budding/frame50_cell9.tif
51,1,1037.8,102.7,1173.0,single,True,0,False,0.055,False,True,non_budding/frame51_cell1.tif
51,2,593.2,125.3,783.0,single,True,0,False,0.055,False,True,non_budding/frame51_cell2.tif
51,3,563.2,144.6,1309.0,single,True,0,False,0.869,False,True,non_budding/frame51_cell3.tif
51,4,93.4,210.2,1853.0,single,True,0,False,0.235,False,True,non_budding/frame51_cell4.tif
51,5,885.1,218.9,1840.0,budding_pair,True,8,True,0.459,True,True,budding/frame51_cell5.tif
51,6,815.9,603.3,1917.0,budding_pair,True,10,True,0.534,True,True,budding/frame51_cell6.tif
51,7,884.8,752.4,1479.0,budding_pair,True,7,True,0.406,True,True,budding/frame51_cell7.tif
51,8,897.5,928.0,2004.0,single,True,0,False,0.067,False,True,non_budding/frame51_cell8.tif
51,9,756.1,977.1,2338.0,budding_pair,True,7,True,0.482,True,True,budding/frame51_cell9.tif
51,10,708.0,1192.8,1679.0,budding_pair,True,7,True,0.445,True,True,budding/frame51_cell10.tif
52,1,1155.5,63.9,1878.0,budding_pair,True,14,True,0.601,True,True,
52,2,1154.8,100.0,1220.0,budding_pair,True,7,True,0.169,True,True,budding/frame52_cell2.tif
52,3,702.6,324.1,1946.0,budding_pair,True,7,True,0.502,True,True,budding/frame52_cell3.tif
52,4,1473.4,337.6,2194.0,single,True,0,False,1.921,False,True,non_budding/frame52_cell4.tif
52,5,741.5,450.9,1672.0,single,True,0,False,0.146,False,True,non_budding/frame52_cell5.tif
52,6,1385.0,550.2,4896.0,budding_pair,True,7,True,0.333,True,True,budding/frame52_cell6.tif
52,7,285.5,574.2,802.0,single,True,0,False,0.053,False,True,non_budding/frame52_cell7.tif
52,8,244.6,587.1,2142.0,single,True,0,False,2.117,False,True,non_budding/frame52_cell8.tif
52,9,1482.8,614.9,1952.0,single,True,0,False,0.264,False,True,non_budding/frame52_cell9.tif
52,10,140.6,677.1,1445.0,single,True,0,False,0.552,False,True,non_budding/frame52_cell10.tif
52,11,139.7,723.4,2919.0,budding_pair,True,20,True,1.031,True,True,budding/frame52_cell11.tif
52,12,1154.7,786.2,2566.0,single,True,0,False,0.055,False,True,non_budding/frame52_cell12.tif
52,13,264.3,892.8,3193.0,budding_pair,True,14,True,0.579,True,True,budding/frame52_cell13.tif
52,14,80.9,1146.7,1085.0,single,True,0,False,0.304,False,True,non_budding/frame52_cell14.tif
52,15,47.8,1169.9,1467.0,single,True,0,False,0.141,False,True,
52,16,649.1,1190.1,2285.0,budding_pair,True,12,True,1.587,True,True,budding/frame52_cell16.tif
53,1,178.3,206.6,1469.0,single,True,0,False,0.277,False,True,non_budding/frame53_cell1.tif
53,2,1109.7,289.8,5036.0,budding_pair,True,5,True,0.239,True,True,budding/frame53_cell2.tif
53,3,441.2,421.3,1739.0,single,True,0,False,1.14,False,True,non_budding/frame53_cell3.tif
53,4,449.8,472.1,1520.0,single,True,0,False,0.209,False,True,non_budding/frame53_cell4.tif
53,5,1443.5,480.6,882.0,single,True,0,False,0.187,False,True,non_budding/frame53_cell5.tif
53,6,1403.7,496.2,2549.0,single,True,0,False,0.297,False,True,non_budding/frame53_cell6.tif
53,7,1301.7,611.2,5825.0,multicell,False,0,False,0.98,False,,
53,8,808.7,597.3,1332.0,single,True,0,False,0.391,False,True,non_budding/frame53_cell8.tif
53,9,448.0,709.4,2414.0,single,True,0,False,0.228,False,True,non_budding/frame53_cell9.tif
53,10,1062.1,782.0,2549.0,single,True,0,False,0.083,False,True,non_budding/frame53_cell10.tif
53,11,1424.9,802.1,3551.0,budding_pair,True,8,True,0.223,True,True,budding/frame53_cell11.tif
53,12,390.6,854.1,2681.0,budding_pair,True,13,True,0.635,True,True,budding/frame53_cell12.tif
53,13,1218.5,1072.3,3107.0,budding_pair,True,11,True,1.231,True,True,budding/frame53_cell13.tif
54,1,523.5,33.4,1204.0,single,True,0,False,2.147,False,True,
54,2,127.9,169.9,3652.0,budding_pair,True,7,True,0.25,True,True,budding/frame54_cell2.tif
54,3,1381.9,201.6,1500.0,single,True,0,False,0.158,False,True,non_budding/frame54_cell3.tif
54,4,702.6,246.8,1616.0,budding_pair,True,7,True,0.47,True,True,budding/frame54_cell4.tif
54,5,761.6,404.3,1268.0,single,True,0,False,0.047,False,True,non_budding/frame54_cell5.tif
54,6,1089.2,453.7,1845.0,budding_pair,True,8,True,0.462,True,True,budding/frame54_cell6.tif
54,7,1546.2,567.4,3038.0,single,True,0,False,0.147,False,True,non_budding/frame54_cell7.tif
54,8,629.5,738.5,764.0,single,True,0,False,0.047,False,True,non_budding/frame54_cell8.tif
54,9,590.6,752.3,1419.0,single,True,0,False,0.037,False,True,non_budding/frame54_cell9.tif
54,10,414.8,969.0,2076.0,single,True,0,False,0.19,False,True,non_budding/frame54_cell10.tif
54,11,707.7,977.7,2241.0,budding_pair,True,9,True,0.556,True,True,budding/frame54_cell11.tif
54,12,878.8,1220.5,2002.0,budding_pair,True,7,True,0.57,True,True,
55,1,1308.0,46.2,1960.0,budding_pair,True,11,True,0.509,True,True,
55,2,1456.7,131.6,1715.0,budding_pair,True,9,True,0.842,True,True,budding/frame55_cell2.tif
55,3,1066.1,267.9,1220.0,single,True,0,False,0.199,False,True,non_budding/frame55_cell3.tif
55,4,948.7,358.9,1618.0,budding_pair,True,8,True,0.394,True,True,budding/frame55_cell4.tif
55,5,1293.4,548.7,3571.0,ambiguous,False,0,False,0.176,False,,
55,6,357.2,596.9,1433.0,single,True,0,False,0.102,False,True,non_budding/frame55_cell6.tif
55,7,1543.1,747.2,4036.0,budding_pair,True,6,True,0.255,True,True,budding/frame55_cell7.tif
55,8,1004.5,1135.7,1030.0,single,True,0,False,0.049,False,True,non_budding/frame55_cell8.tif
56,1,900.8,176.8,1022.0,single,True,0,False,0.045,False,True,non_budding/frame56_cell1.tif
56,2,290.9,320.8,941.0,single,True,0,False,0.363,False,True,non_budding/frame56_cell2.tif
56,3,988.7,635.1,1705.0,budding_pair,True,6,True,0.411,True,True,budding/frame56_cell3.tif
56,4,1038.9,637.1,1180.0,single,True,0,False,0.044,False,True,non_budding/frame56_cell4.tif
56,5,1056.4,837.3,1680.0,budding_pair,True,9,True,0.805,True,True,budding/frame56_cell5.tif
56,6,1525.4,843.2,1363.0,budding_pair,True,8,True,0.355,True,True,budding/frame56_cell6.tif
56,7,775.5,903.9,1982.0,single,True,0,False,0.869,False,True,non_budding/frame56_cell7.tif
56,8,963.4,1070.5,1166.0,single,True,0,False,0.039,False,True,non_budding/frame56_cell8.tif
56,9,551.6,1234.6,2364.0,budding_pair,True,9,True,0.54,True,True,
57,1,518.4,67.5,371.0,multicell,False,0,False,5.58,False,,
57,2,523.3,64.3,1808.0,single,True,0,False,0.092,False,True,non_budding/frame57_cell2.tif
57,3,855.9,104.6,2107.0,budding_pair,True,5,True,0.44,True,True,budding/frame57_cell3.tif
57,4,275.0,181.4,921.0,single,True,0,False,0.092,False,True,non_budding/frame57_cell4.tif
57,5,1313.9,226.3,3105.0,budding_pair,True,7,True,0.554,True,True,budding/frame57_cell5.tif
57,6,1021.8,234.6,2314.0,budding_pair,True,7,True,0.471,True,True,budding/frame57_cell6.tif
57,7,1031.7,275.2,358.0,multicell,False,0,False,5.021,False,,
57,8,310.8,323.6,1058.0,single,True,0,False,0.045,False,True,non_budding/frame57_cell8.tif
57,9,1260.4,455.5,1768.0,budding_pair,True,8,True,0.42,True,True,budding/frame57_cell9.tif
57,10,728.3,461.4,1664.0,single,True,0,False,0.105,False,True,non_budding/frame57_cell10.tif
57,11,1214.1,493.3,2127.0,single,True,0,False,0.115,False,True,non_budding/frame57_cell11.tif
57,12,1430.3,493.1,1579.0,single,True,0,False,0.04,False,True,non_budding/frame57_cell12.tif
57,13,963.5,550.5,1516.0,budding_pair,True,6,True,0.226,True,True,budding/frame57_cell13.tif
57,14,1544.3,589.4,1866.0,budding_pair,True,7,True,0.443,True,True,budding/frame57_cell14.tif
57,15,1190.4,627.1,2328.0,budding_pair,True,10,True,0.702,True,True,budding/frame57_cell15.tif
57,16,866.8,844.8,1416.0,single,True,0,False,0.039,False,True,non_budding/frame57_cell16.tif
57,17,489.7,861.6,1277.0,single,True,0,False,0.043,False,True,non_budding/frame57_cell17.tif
57,18,954.5,872.4,1101.0,single,True,0,False,0.048,False,True,non_budding/frame57_cell18.tif
57,19,1060.6,927.8,1149.0,single,True,0,False,0.041,False,True,non_budding/frame57_cell19.tif
57,20,1488.6,1107.0,1805.0,budding_pair,True,8,True,0.458,True,True,budding/frame57_cell20.tif
57,21,211.8,1119.1,2363.0,budding_pair,True,8,True,0.487,True,True,budding/frame57_cell21.tif
57,22,1279.6,1146.3,4662.0,budding_pair,True,9,True,0.294,True,True,budding/frame57_cell22.tif
57,23,125.2,1158.7,2957.0,budding_pair,True,12,True,0.484,True,True,budding/frame57_cell23.tif
58,1,267.9,74.2,4393.0,budding_pair,True,4,False,0.219,True,False,budding/frame58_cell1.tif
58,2,1261.1,266.1,1435.0,single,True,0,False,0.038,False,True,non_budding/frame58_cell2.tif
58,3,656.0,440.8,3007.0,budding_pair,True,8,True,0.457,True,True,budding/frame58_cell3.tif
58,4,1144.1,486.8,1652.0,budding_pair,True,7,True,0.309,True,True,budding/frame58_cell4.tif
58,5,1536.7,621.5,3657.0,budding_pair,True,6,True,0.245,True,True,budding/frame58_cell5.tif
58,6,880.1,638.0,2482.0,budding_pair,True,7,True,0.483,True,True,budding/frame58_cell6.tif
58,7,1367.4,736.4,5241.0,budding_pair,True,7,True,0.184,True,True,budding/frame58_cell7.tif
58,8,535.7,748.3,2809.0,budding_pair,True,8,True,0.605,True,True,budding/frame58_cell8.tif
58,9,276.5,1051.2,1544.0,single,True,0,False,2.366,False,True,non_budding/frame58_cell9.tif
59,1,1252.7,56.0,2343.0,single,True,0,False,1.625,False,True,
59,2,562.8,97.2,2902.0,budding_pair,True,10,True,0.284,True,True,budding/frame59_cell2.tif
59,3,1131.5,286.9,2110.0,single,True,0,False,0.033,False,True,non_budding/frame59_cell3.tif
59,4,1312.9,470.8,835.0,single,True,0,False,0.055,False,True,non_budding/frame59_cell4.tif
59,5,1287.8,498.6,1540.0,single,True,0,False,0.116,False,True,non_budding/frame59_cell5.tif
59,6,282.4,555.7,2828.0,budding_pair,True,18,True,0.739,True,True,budding/frame59_cell6.tif
59,7,1238.5,570.8,1029.0,single,True,0,False,0.053,False,True,non_budding/frame59_cell7.tif
59,8,827.4,638.0,1679.0,budding_pair,True,7,True,0.376,True,True,budding/frame59_cell8.tif
59,9,267.1,647.1,824.0,single,True,0,False,0.055,False,True,non_budding/frame59_cell9.tif
59,10,237.3,676.4,1860.0,single,True,0,False,1.116,False,True,non_budding/frame59_cell10.tif
59,11,1070.7,694.7,2299.0,budding_pair,True,7,True,0.503,True,True,budding/frame59_cell11.tif
59,12,1135.9,814.8,2200.0,budding_pair,True,7,True,0.435,True,True,budding/frame59_cell12.tif
59,13,1151.7,861.9,1457.0,single,True,0,False,0.549,False,True,non_budding/frame59_cell13.tif
59,14,343.9,1083.9,1433.0,single,True,0,False,0.305,False,True,non_budding/frame59_cell14.tif
59,15,939.8,1123.3,1305.0,single,True,0,False,0.049,False,True,non_budding/frame59_cell15.tif
59,16,1277.8,1186.1,1382.0,single,True,0,False,2.281,False,True,non_budding/frame59_cell16.tif
60,1,1472.8,143.2,3285.0,multicell,False,0,False,0.829,False,,
60,2,409.5,489.7,4459.0,budding_pair,True,6,True,0.169,True,True,budding/frame60_cell2.tif
60,3,619.1,501.9,2301.0,budding_pair,True,10,True,0.433,True,True,budding/frame60_cell3.tif
60,4,522.0,543.2,2073.0,budding_pair,True,7,True,0.343,True,True,budding/frame60_cell4.tif
60,5,782.2,555.6,1492.0,single,True,0,False,0.2,False,True,non_budding/frame60_cell5.tif
60,6,1543.3,639.8,923.0,single,True,0,False,0.042,False,True,non_budding/frame60_cell6.tif
60,7,1518.4,676.5,1652.0,single,True,0,False,0.046,False,True,non_budding/frame60_cell7.tif
60,8,1305.8,697.4,3850.0,budding_pair,True,7,True,0.173,True,True,budding/frame60_cell8.tif
60,9,137.3,766.5,2789.0,single,True,0,False,0.113,False,True,non_budding/frame60_cell9.tif
60,10,956.6,768.1,1699.0,single,True,0,False,0.049,False,True,non_budding/frame60_cell10.tif
60,11,227.4,839.0,1698.0,single,True,0,False,0.417,False,True,non_budding/frame60_cell11.tif
60,12,866.8,1148.1,1800.0,budding_pair,True,5,True,0.291,True,True,budding/frame60_cell12.tif
60,13,1631.3,1173.8,2883.0,budding_pair,True,13,True,0.501,True,True,budding/frame60_cell13.tif
61,1,1039.1,70.7,2170.0,single,True,0,False,0.06,False,True,non_budding/frame61_cell1.tif
61,2,341.7,146.5,2040.0,budding_pair,True,12,True,1.02,True,True,budding/frame61_cell2.tif
61,3,532.5,228.1,2612.0,budding_pair,True,8,True,0.445,True,True,budding/frame61_cell3.tif
61,4,1254.5,229.3,2178.0,single,True,0,False,0.253,False,True,non_budding/frame61_cell4.tif
61,5,951.4,280.6,4268.0,budding_pair,True,4,False,0.263,True,False,budding/frame61_cell5.tif
61,6,1435.7,367.0,1688.0,single,True,0,False,1.234,False,True,non_budding/frame61_cell6.tif
61,7,127.8,423.4,2968.0,budding_pair,True,11,True,0.542,True,True,budding/frame61_cell7.tif
61,8,224.3,429.5,2642.0,single,True,0,False,0.201,False,True,non_budding/frame61_cell8.tif
61,9,942.1,554.8,3401.0,single,True,0,False,0.167,False,True,non_budding/frame61_cell9.tif
61,10,1038.8,807.8,4312.0,ambiguous,False,0,False,0.392,False,,
61,11,1305.9,849.2,3002.0,budding_pair,True,11,True,0.363,True,True,budding/frame61_cell11.tif
61,12,154.0,966.6,2406.0,budding_pair,True,11,True,0.196,True,True,budding/frame61_cell12.tif
61,13,1356.0,977.8,3808.0,ambiguous,False,0,False,0.155,False,,
61,14,1351.6,1065.9,3659.0,single,True,0,False,0.067,False,True,non_budding/frame61_cell14.tif
62,1,1322.1,215.0,1570.0,single,True,0,False,0.083,False,True,non_budding/frame62_cell1.tif
62,2,1599.3,550.3,1584.0,single,True,0,False,0.161,False,True,non_budding/frame62_cell2.tif
62,3,868.9,568.0,1373.0,single,True,0,False,0.04,False,True,non_budding/frame62_cell3.tif
62,4,1611.7,631.9,1808.0,budding_pair,True,7,True,0.403,True,True,budding/frame62_cell4.tif
62,5,250.0,684.5,1136.0,single,True,0,False,0.047,False,True,non_budding/frame62_cell5.tif
62,6,366.9,727.4,2184.0,budding_pair,True,7,True,0.378,True,True,budding/frame62_cell6.tif
62,7,227.1,726.0,2283.0,single,True,0,False,0.216,False,True,non_budding/frame62_cell7.tif
62,8,1057.0,804.6,1967.0,budding_pair,True,7,True,0.505,True,True,budding/frame62_cell8.tif
62,9,1568.2,839.8,1524.0,budding_pair,True,8,True,0.338,True,True,budding/frame62_cell9.tif
62,10,1270.2,996.0,1995.0,budding_pair,True,7,True,0.428,True,True,budding/frame62_cell10.tif
62,11,510.8,1176.7,2048.0,budding_pair,True,7,True,0.416,True,True,budding/frame62_cell11.tif
63,1,870.9,177.1,1329.0,single,True,0,False,0.04,False,True,non_budding/frame63_cell1.tif
63,2,1153.6,294.9,2055.0,single,True,0,False,0.035,False,True,non_budding/frame63_cell2.tif
63,3,371.4,333.9,1114.0,single,True,0,False,0.045,False,True,non_budding/frame63_cell3.tif
63,4,697.5,533.7,2334.0,budding_pair,True,7,True,0.449,True,True,budding/frame63_cell4.tif
63,5,612.0,522.8,2115.0,budding_pair,True,10,True,0.431,True,True,budding/frame63_cell5.tif
63,6,103.1,715.3,1690.0,budding_pair,True,9,True,0.323,True,True,budding/frame63_cell6.tif
63,7,412.5,738.1,1214.0,single,True,0,False,0.043,False,True,non_budding/frame63_cell7.tif
63,8,1124.0,787.1,1815.0,budding_pair,True,8,True,0.316,True,True,budding/frame63_cell8.tif
63,9,1184.5,903.1,4021.0,budding_pair,True,7,True,0.155,True,True,budding/frame63_cell9.tif
63,10,1512.4,1186.6,2264.0,budding_pair,True,9,True,0.496,True,True,budding/frame63_cell10.tif
64,1,1451.0,148.6,3233.0,budding_pair,True,18,True,0.451,True,True,budding/frame64_cell1.tif
64,2,1249.0,239.5,2578.0,budding_pair,True,11,True,0.459,True,True,budding/frame64_cell2.tif
64,3,180.1,284.0,1643.0,single,True,0,False,0.899,False,True,non_budding/frame64_cell3.tif
64,4,887.8,349.0,3534.0,budding_pair,True,6,True,0.133,False,False,non_budding/frame64_cell4.tif
64,5,536.2,391.0,1774.0,budding_pair,True,7,True,0.357,True,True,budding/frame64_cell5.tif
64,6,1568.9,419.5,2311.0,single,True,0,False,0.099,False,True,non_budding/frame64_cell6.tif
64,7,212.7,631.9,2523.0,budding_pair,True,5,True,0.264,True,True,budding/frame64_cell7.tif
64,8,110.4,651.0,432.0,budding_pair,True,16,True,4.132,True,True,budding/frame64_cell8.tif
64,9,666.6,659.9,1411.0,single,True,0,False,0.043,False,True,non_budding/frame64_cell9.tif
64,10,1209.9,909.4,2255.0,single,True,0,False,0.035,False,True,non_budding/frame64_cell10.tif
64,11,445.7,1044.4,4856.0,budding_pair,True,4,False,0.206,True,False,budding/frame64_cell11.tif
64,12,250.3,1089.6,1686.0,single,True,0,False,0.289,False,True,non_budding/frame64_cell12.tif
65,1,34.3,97.5,360.0,multicell,False,0,False,2.592,False,,
65,2,1380.7,238.5,2616.0,single,True,0,False,0.12,False,True,non_budding/frame65_cell2.tif
65,3,898.5,288.9,2695.0,budding_pair,True,15,True,0.582,True,True,budding/frame65_cell3.tif
65,4,320.7,306.5,1163.0,single,True,0,False,0.146,False,True,non_budding/frame65_cell4.tif
65,5,1536.4,334.7,3272.0,budding_pair,True,9,True,0.516,True,True,budding/frame65_cell5.tif
65,6,1446.4,328.9,2877.0,budding_pair,True,11,True,0.549,True,True,budding/frame65_cell6.tif
65,7,812.2,421.3,3245.0,single,True,0,False,0.146,False,True,non_budding/frame65_cell7.tif
65,8,933.3,460.1,2908.0,single,True,0,False,0.051,False,True,non_budding/frame65_cell8.tif
65,9,1487.3,613.2,3148.0,budding_pair,True,13,True,0.636,True,True,budding/frame65_cell9.tif
65,10,776.2,682.8,6176.0,budding_pair,True,9,True,0.457,True,True,budding/frame65_cell10.tif
65,11,1120.3,763.2,4470.0,ambiguous,False,0,False,0.41,False,,
65,12,681.8,756.2,3316.0,single,True,0,False,0.142,False,True,non_budding/frame65_cell12.tif
65,13,1385.6,826.8,2779.0,budding_pair,True,8,True,0.475,True,True,budding/frame65_cell13.tif
65,14,1170.5,926.8,3604.0,budding_pair,True,7,True,0.179,True,True,budding/frame65_cell14.tif
65,15,1410.7,1074.5,1900.0,single,True,0,False,0.104,False,True,non_budding/frame65_cell15.tif
65,16,526.0,1185.9,3271.0,single,True,0,False,0.111,False,True,non_budding/frame65_cell16.tif
66,1,362.1,104.3,2104.0,budding_pair,True,11,True,0.564,True,True,budding/frame66_cell1.tif
66,2,1082.3,439.9,2034.0,budding_pair,True,7,True,0.497,True,True,budding/frame66_cell2.tif
66,3,474.5,538.8,2761.0,single,True,0,False,0.06,False,True,non_budding/frame66_cell3.tif
66,4,853.6,649.1,371.0,ambiguous,False,0,False,0.832,False,,
66,5,255.2,686.3,2377.0,budding_pair,True,9,True,0.276,True,True,budding/frame66_cell5.tif
66,6,146.9,724.8,1066.0,single,True,0,False,0.625,False,True,non_budding/frame66_cell6.tif
66,7,166.8,765.0,1998.0,single,True,0,False,1.305,False,True,non_budding/frame66_cell7.tif
66,8,111.3,800.1,1261.0,single,True,0,False,0.368,False,True,non_budding/frame66_cell8.tif
66,9,799.6,877.1,2554.0,budding_pair,True,7,True,0.506,True,True,budding/frame66_cell9.tif
66,10,1508.9,897.2,3640.0,ambiguous,False,0,False,0.199,False,,
66,11,982.6,1024.2,1959.0,single,True,0,False,0.063,False,True,non_budding/frame66_cell11.tif
66,12,1572.2,1026.7,1487.0,budding_pair,True,8,True,0.408,True,True,budding/frame66_cell12.tif
66,13,846.6,1185.9,1964.0,budding_pair,True,9,True,0.612,True,True,budding/frame66_cell13.tif
67,1,1181.0,161.9,2235.0,multicell,False,0,False,0.524,False,,
67,2,243.7,177.6,998.0,single,True,0,False,1.157,False,True,non_budding/frame67_cell2.tif
67,3,278.6,201.7,1657.0,single,True,0,False,0.055,False,True,non_budding/frame67_cell3.tif
67,4,1257.8,241.6,2114.0,budding_pair,True,7,True,0.488,True,True,budding/frame67_cell4.tif
67,5,1224.3,321.4,933.0,single,True,0,False,0.043,False,True,non_budding/frame67_cell5.tif
67,6,728.4,377.4,1883.0,single,True,0,False,0.041,False,True,non_budding/frame67_cell6.tif
67,7,1133.2,493.3,2170.0,budding_pair,True,7,True,0.541,True,True,budding/frame67_cell7.tif
67,8,817.1,530.6,2727.0,budding_pair,True,7,True,0.543,True,True,budding/frame67_cell8.tif
67,9,788.2,774.4,1548.0,budding_pair,True,8,True,0.27,True,True,budding/frame67_cell9.tif
67,10,442.3,819.6,1319.0,single,True,0,False,0.04,False,True,non_budding/frame67_cell10.tif
67,11,580.9,966.7,963.0,single,True,0,False,0.051,False,True,non_budding/frame67_cell11.tif
67,12,596.3,1001.9,1493.0,single,True,0,False,0.094,False,True,non_budding/frame67_cell12.tif
67,13,1365.7,1011.0,2359.0,single,True,0,False,0.058,False,True,non_budding/frame67_cell13.tif
67,14,875.4,1127.6,2884.0,budding_pair,True,8,True,0.502,True,True,budding/frame67_cell14.tif
67,15,406.6,1133.1,1663.0,single,True,0,False,0.776,False,True,non_budding/frame67_cell15.tif
68,1,452.4,158.2,408.0,multicell,False,0,False,7.668,False,,
68,2,462.5,161.9,2666.0,budding_pair,True,7,True,0.575,True,True,budding/frame68_cell2.tif
68,3,107.4,202.8,1632.0,budding_pair,True,8,True,0.372,True,True,budding/frame68_cell3.tif
68,4,1021.9,235.8,1588.0,single,True,0,False,0.076,False,True,non_budding/frame68_cell4.tif
68,5,240.6,299.5,2096.0,single,True,0,False,0.549,False,True,non_budding/frame68_cell5.tif
68,6,1164.4,401.9,1710.0,single,True,0,False,0.203,False,True,non_budding/frame68_cell6.tif
68,7,701.0,706.4,2339.0,budding_pair,True,7,True,0.463,True,True,budding/frame68_cell7.tif
68,8,535.5,809.5,2230.0,single,True,0,False,1.471,False,True,non_budding/frame68_cell8.tif
68,9,969.7,1002.5,2346.0,budding_pair,True,7,True,0.511,True,True,budding/frame68_cell9.tif
68,10,303.8,1053.4,886.0,single,True,0,False,0.041,False,True,non_budding/frame68_cell10.tif
68,11,168.0,1076.2,1684.0,single,True,0,False,0.06,False,True,non_budding/frame68_cell11.tif
68,12,331.0,1079.0,1461.0,single,True,0,False,0.037,False,True,non_budding/frame68_cell12.tif
68,13,1639.2,1115.7,2095.0,multicell,False,0,False,1.483,False,,
68,14,233.9,1137.7,1764.0,single,True,0,False,0.253,False,True,non_budding/frame68_cell14.tif
68,15,417.1,1206.0,3052.0,budding_pair,True,8,True,0.679,True,True,
69,1,1565.2,151.8,4306.0,budding_pair,True,15,True,1.166,True,True,budding/frame69_cell1.tif
69,2,276.3,419.1,2701.0,budding_pair,True,15,True,2.523,True,True,budding/frame69_cell2.tif
69,3,1034.9,437.1,3139.0,single,True,0,False,0.114,False,True,non_budding/frame69_cell3.tif
69,4,1434.9,516.5,1419.0,single,True,0,False,0.053,False,True,non_budding/frame69_cell4.tif
69,5,668.7,715.8,2835.0,budding_pair,True,8,True,0.485,True,True,budding/frame69_cell5.tif
69,6,1597.8,796.4,2817.0,single,True,0,False,0.045,False,True,non_budding/frame69_cell6.tif
69,7,30.6,826.2,1636.0,single,True,0,False,2.235,False,True,
69,8,1397.2,932.4,1840.0,budding_pair,True,7,True,0.515,True,True,budding/frame69_cell8.tif
69,9,401.4,1003.4,3320.0,single,True,0,False,0.062,False,True,non_budding/frame69_cell9.tif
69,10,108.6,1004.7,1959.0,budding_pair,True,7,True,0.269,True,True,budding/frame69_cell10.tif
69,11,246.3,1078.6,2944.0,budding_pair,True,11,True,0.732,True,True,budding/frame69_cell11.tif
70,1,514.2,43.2,1138.0,single,True,0,False,0.046,False,True,
70,2,425.3,166.9,1900.0,budding_pair,True,8,True,0.531,True,True,budding/frame70_cell2.tif
70,3,1051.8,208.7,1786.0,budding_pair,True,8,True,0.376,True,True,budding/frame70_cell3.tif
70,4,174.0,330.8,2324.0,budding_pair,True,7,True,0.631,True,True,budding/frame70_cell4.tif
70,5,465.9,471.9,2086.0,single,True,0,False,0.032,False,True,non_budding/frame70_cell5.tif
70,6,893.9,591.5,1835.0,budding_pair,True,8,True,0.328,True,True,budding/frame70_cell6.tif
70,7,849.6,635.7,2869.0,budding_pair,True,7,True,0.691,True,True,budding/frame70_cell7.tif
70,8,36.3,656.6,1444.0,single,True,0,False,0.339,False,True,
70,9,1147.1,680.7,2497.0,budding_pair,True,10,True,0.544,True,True,budding/frame70_cell9.tif
70,10,948.0,740.0,2010.0,ambiguous,False,0,False,0.689,False,,
70,11,1049.3,823.3,3051.0,budding_pair,True,10,True,0.57,True,True,budding/frame70_cell11.tif
70,12,256.2,1054.2,1834.0,budding_pair,True,8,True,0.27,True,True,budding/frame70_cell12.tif
70,13,186.8,1104.0,1234.0,single,True,0,False,1.206,False,True,non_budding/frame70_cell13.tif
70,14,1276.9,1139.6,2085.0,budding_pair,True,8,True,0.409,True,True,budding/frame70_cell14.tif
70,15,239.8,1135.5,1938.0,single,True,0,False,1.096,False,True,non_budding/frame70_cell15.tif
70,16,315.5,1139.4,917.0,single,True,0,False,0.048,False,True,non_budding/frame70_cell16.tif
70,17,379.6,1170.1,1532.0,single,True,0,False,1.068,False,True,non_budding/frame70_cell17.tif
71,1,1083.9,74.2,2074.0,budding_pair,True,7,True,0.288,True,True,budding/frame71_cell1.tif
71,2,339.2,142.2,3005.0,ambiguous,False,0,False,1.825,False,,
71,3,407.7,186.2,1143.0,single,True,0,False,0.044,False,True,non_budding/frame71_cell3.tif
71,4,499.3,209.3,2402.0,budding_pair,True,10,True,0.521,True,True,budding/frame71_cell4.tif
71,5,982.3,322.9,1275.0,single,True,0,False,0.039,False,True,non_budding/frame71_cell5.tif
71,6,1590.2,370.4,2565.0,single,True,0,False,0.502,False,True,non_budding/frame71_cell6.tif
71,7,934.2,473.8,1141.0,single,True,0,False,0.045,False,True,non_budding/frame71_cell7.tif
71,8,1335.4,600.7,2980.0,ambiguous,False,0,False,0.836,False,,
71,9,215.4,754.1,1846.0,budding_pair,True,8,True,0.655,True,True,budding/frame71_cell9.tif
71,10,65.2,792.9,2007.0,single,True,0,False,2.048,False,True,non_budding/frame71_cell10.tif
71,11,663.8,864.7,2238.0,single,True,0,False,0.034,False,True,non_budding/frame71_cell11.tif
71,12,622.9,897.9,1069.0,single,True,0,False,0.046,False,True,non_budding/frame71_cell12.tif
71,13,874.0,938.9,1873.0,ambiguous,False,0,False,0.7,False,,
71,14,768.3,1130.0,2149.0,budding_pair,True,8,True,0.352,True,True,budding/frame71_cell14.tif
72,1,78.0,46.1,3371.0,budding_pair,True,16,True,1.03,True,True,
72,2,1173.5,89.6,1711.0,single,True,0,False,0.072,False,True,non_budding/frame72_cell2.tif
72,3,452.4,227.1,4798.0,budding_pair,True,7,True,0.239,True,True,budding/frame72_cell3.tif
72,4,1545.0,254.6,4431.0,multicell,False,0,False,1.296,False,,
72,5,1523.3,287.0,1366.0,single,True,0,False,1.926,False,True,non_budding/frame72_cell5.tif
72,6,656.5,307.0,2107.0,single,True,0,False,0.068,False,True,non_budding/frame72_cell6.tif
72,7,49.1,420.0,1031.0,single,True,0,False,0.524,False,True,
72,8,1561.5,606.8,2091.0,budding_pair,True,10,True,1.397,True,True,budding/frame72_cell8.tif
72,9,1462.4,649.4,4451.0,budding_pair,True,10,True,0.268,True,True,budding/frame72_cell9.tif
72,10,939.8,691.5,2833.0,budding_pair,True,10,True,0.47,True,True,budding/frame72_cell10.tif
72,11,1268.5,718.7,3214.0,ambiguous,False,0,False,0.53,False,,
72,12,317.9,867.1,1687.0,budding_pair,True,7,True,0.535,True,True,budding/frame72_cell12.tif
72,13,1261.4,1057.9,4611.0,budding_pair,True,3,False,0.218,True,False,budding/frame72_cell13.tif
72,14,869.5,1089.9,2169.0,budding_pair,True,7,True,0.573,True,True,budding/frame72_cell14.tif
73,1,735.7,110.5,1440.0,budding_pair,True,5,True,0.306,True,True,budding/frame73_cell1.tif
73,2,1405.4,385.3,2282.0,single,True,0,False,0.041,False,True,non_budding/frame73_cell2.tif
73,3,483.7,531.1,2506.0,budding_pair,True,10,True,0.526,True,True,budding/frame73_cell3.tif
73,4,638.7,550.1,2194.0,single,True,0,False,0.035,False,True,non_budding/frame73_cell4.tif
73,5,105.8,683.4,1513.0,single,True,0,False,2.255,False,True,non_budding/frame73_cell5.tif
73,6,453.3,780.1,1801.0,single,True,0,False,0.037,False,True,non_budding/frame73_cell6.tif
73,7,351.0,829.3,2964.0,budding_pair,True,20,True,1.977,True,True,budding/frame73_cell7.tif
73,8,498.5,986.2,1320.0,single,True,0,False,0.049,False,True,non_budding/frame73_cell8.tif
73,9,1490.8,1014.4,2772.0,single,True,0,False,0.068,False,True,non_budding/frame73_cell9.tif
73,10,252.3,1038.7,3693.0,multicell,False,0,False,0.167,False,,
73,11,379.4,1061.7,885.0,single,True,0,False,0.051,False,True,non_budding/frame73_cell11.tif
73,12,338.1,1095.5,2057.0,budding_pair,True,8,True,0.375,True,True,budding/frame73_cell12.tif
74,1,1206.7,73.1,2461.0,single,True,0,False,0.066,False,True,non_budding/frame74_cell1.tif
74,2,218.0,169.0,3238.0,budding_pair,True,12,True,1.028,True,True,budding/frame74_cell2.tif
74,3,513.8,269.8,1627.0,single,True,0,False,2.334,False,True,non_budding/frame74_cell3.tif
74,4,602.1,272.8,1145.0,single,True,0,False,0.041,False,True,non_budding/frame74_cell4.tif
74,5,495.3,312.8,2075.0,budding_pair,True,7,True,0.523,True,True,budding/frame74_cell5.tif
74,6,1316.3,374.1,1031.0,ambiguous,False,0,False,0.041,False,,
74,7,994.8,392.1,2063.0,budding_pair,True,8,True,0.6,True,True,budding/frame74_cell7.tif
74,8,487.3,535.6,686.0,single,True,0,False,0.053,False,True,non_budding/frame74_cell8.tif
74,9,521.9,548.5,1168.0,single,True,0,False,0.049,False,True,non_budding/frame74_cell9.tif
74,10,1003.8,624.9,2485.0,budding_pair,True,7,True,0.526,True,True,budding/frame74_cell10.tif
74,11,1248.6,634.4,2693.0,budding_pair,True,10,True,0.528,True,True,budding/frame74_cell11.tif
74,12,1110.8,715.2,935.0,single,True,0,False,0.043,False,True,non_budding/frame74_cell12.tif
74,13,966.1,759.3,2251.0,single,True,0,False,0.054,False,True,non_budding/frame74_cell13.tif
74,14,405.8,793.4,934.0,single,True,0,False,0.061,False,True,non_budding/frame74_cell14.tif
74,15,718.6,1161.7,1634.0,budding_pair,True,7,True,0.468,True,True,budding/frame74_cell15.tif
74,16,70.3,1207.1,1002.0,single,True,0,False,0.541,False,True,
75,1,245.2,60.8,1824.0,budding_pair,True,8,True,0.439,True,True,
75,2,1354.3,392.2,1069.0,single,True,0,False,0.039,False,True,non_budding/frame75_cell2.tif
75,3,264.8,455.6,1801.0,budding_pair,True,7,True,0.37,True,True,budding/frame75_cell3.tif
75,4,889.3,465.6,695.0,single,True,0,False,0.043,False,True,non_budding/frame75_cell4.tif
75,5,919.3,492.0,1198.0,single,True,0,False,0.047,False,True,non_budding/frame75_cell5.tif
75,6,1389.9,652.1,938.0,single,True,0,False,0.045,False,True,non_budding/frame75_cell6.tif
75,7,551.4,763.2,1044.0,single,True,0,False,0.048,False,True,non_budding/frame75_cell7.tif
75,8,438.4,816.6,1031.0,budding_pair,True,6,True,0.138,False,False,non_budding/frame75_cell8.tif
75,9,1610.0,1007.0,2376.0,single,True,0,False,2.135,False,True,non_budding/frame75_cell9.tif
75,10,543.4,1040.5,1021.0,single,True,0,False,0.047,False,True,non_budding/frame75_cell10.tif
75,11,1037.3,1109.2,874.0,single,True,0,False,0.049,False,True,non_budding/frame75_cell11.tif
75,12,466.2,1130.4,963.0,single,True,0,False,0.064,False,True,non_budding/frame75_cell12.tif
75,13,250.9,1223.5,870.0,single,True,0,False,0.047,False,True,
76,1,822.2,73.3,1549.0,budding_pair,True,7,True,0.485,True,True,budding/frame76_cell1.tif
76,2,287.9,133.5,3598.0,budding_pair,True,5,True,0.274,True,True,budding/frame76_cell2.tif
76,3,434.1,552.7,1565.0,single,True,0,False,0.038,False,True,non_budding/frame76_cell3.tif
76,4,1171.9,607.6,2254.0,single,True,0,False,0.037,False,True,non_budding/frame76_cell4.tif
76,5,1348.8,927.7,1974.0,budding_pair,True,7,True,0.476,True,True,budding/frame76_cell5.tif
76,6,656.9,1139.9,4166.0,budding_pair,True,6,True,0.236,True,True,budding/frame76_cell6.tif
76,7,877.0,1138.8,3996.0,single,True,0,False,0.08,False,True,non_budding/frame76_cell7.tif
76,8,58.1,1207.8,1348.0,single,True,0,False,0.51,False,True,
77,1,851.6,64.1,952.0,ambiguous,False,0,False,0.942,False,,
77,2,1649.3,325.4,1427.0,single,True,0,False,0.12,False,True,
77,3,419.4,720.4,1979.0,budding_pair,True,9,True,0.647,True,True,budding/frame77_cell3.tif
77,4,219.6,720.3,1760.0,single,True,0,False,1.072,False,True,non_budding/frame77_cell4.tif
77,5,515.8,724.4,1758.0,budding_pair,True,7,True,0.391,True,True,budding/frame77_cell5.tif
77,6,892.1,731.5,3982.0,budding_pair,True,7,True,0.226,True,True,budding/frame77_cell6.tif
77,7,1274.5,734.5,2406.0,single,True,0,False,0.04,False,True,non_budding/frame77_cell7.tif
77,8,1081.2,1169.3,2546.0,single,True,0,False,0.362,False,True,non_budding/frame77_cell8.tif
77,9,390.9,1220.6,1651.0,budding_pair,True,8,True,0.359,True,True,
78,1,121.7,88.2,2010.0,single,True,0,False,0.906,False,True,non_budding/frame78_cell1.tif
78,2,1223.2,106.4,2646.0,single,True,0,False,0.043,False,True,non_budding/frame78_cell2.tif
78,3,586.9,132.5,1337.0,single,True,0,False,1.983,False,True,non_budding/frame78_cell3.tif
78,4,68.5,191.2,1324.0,single,True,0,False,1.345,False,True,non_budding/frame78_cell4.tif
78,5,1225.0,194.6,1975.0,budding_pair,True,9,True,0.531,True,True,budding/frame78_cell5.tif
78,6,747.5,257.8,2230.0,single,True,0,False,0.059,False,True,non_budding/frame78_cell6.tif
78,7,1505.8,307.9,3447.0,single,True,0,False,0.366,False,True,non_budding/frame78_cell7.tif
78,8,1431.6,563.5,2215.0,budding_pair,True,10,True,0.544,True,True,budding/frame78_cell8.tif
78,9,1455.2,636.9,1889.0,budding_pair,True,10,True,0.524,True,True,budding/frame78_cell9.tif
78,10,978.3,626.8,799.0,single,True,0,False,0.04,False,True,non_budding/frame78_cell10.tif
78,11,1011.5,648.6,1299.0,single,True,0,False,0.041,False,True,non_budding/frame78_cell11.tif
78,12,494.1,736.1,1367.0,single,True,0,False,0.133,False,True,non_budding/frame78_cell12.tif
78,13,266.6,761.5,1870.0,single,True,0,False,0.64,False,True,non_budding/frame78_cell13.tif
78,14,316.2,994.0,2152.0,single,True,0,False,0.059,False,True,non_budding/frame78_cell14.tif
78,15,783.1,1068.0,1659.0,budding_pair,True,11,True,2.25,True,True,budding/frame78_cell15.tif
78,16,610.6,1220.4,2269.0,ambiguous,False,0,False,0.424,False,,
79,1,921.4,47.9,2235.0,single,True,0,False,0.058,False,True,
79,2,1336.6,82.1,1559.0,single,True,0,False,0.135,False,True,non_budding/frame79_cell2.tif
79,3,113.2,239.4,2273.0,budding_pair,True,15,True,0.648,True,True,budding/frame79_cell3.tif
79,4,370.9,310.3,1735.0,single,True,0,False,0.18,False,True,non_budding/frame79_cell4.tif
79,5,1354.8,539.4,2626.0,single,True,0,False,0.163,False,True,non_budding/frame79_cell5.tif
79,6,1588.4,653.0,2495.0,single,True,0,False,0.172,False,True,non_budding/frame79_cell6.tif
79,7,947.6,764.4,1449.0,budding_pair,True,6,True,0.251,True,True,budding/frame79_cell7.tif
79,8,649.5,804.6,1880.0,single,True,0,False,0.052,False,True,non_budding/frame79_cell8.tif
79,9,441.6,856.7,2716.0,single,True,0,False,0.276,False,True,non_budding/frame79_cell9.tif
79,10,866.6,875.4,2979.0,budding_pair,True,8,True,0.446,True,True,budding/frame79_cell10.tif
79,11,717.3,1003.0,2430.0,single,True,0,False,0.124,False,True,non_budding/frame79_cell11.tif
79,12,631.5,1003.8,2193.0,single,True,0,False,0.144,False,True,non_budding/frame79_cell12.tif
79,13,1091.4,1075.7,3976.0,budding_pair,True,4,False,0.178,True,False,budding/frame79_cell13.tif
79,14,1291.4,1099.2,2943.0,single,True,0,False,0.233,False,True,non_budding/frame79_cell14.tif
79,15,789.7,1142.8,2726.0,single,True,0,False,0.297,False,True,non_budding/frame79_cell15.tif
80,1,405.7,275.8,1229.0,single,True,0,False,0.576,False,True,non_budding/frame80_cell1.tif
80,2,414.3,320.9,1434.0,budding_pair,True,6,True,0.334,True,True,budding/frame80_cell2.tif
80,3,1317.7,364.8,1961.0,single,True,0,False,0.144,False,True,non_budding/frame80_cell3.tif
80,4,320.5,389.7,2580.0,single,True,0,False,1.729,False,True,non_budding/frame80_cell4.tif
80,5,379.6,434.0,1310.0,single,True,0,False,0.242,False,True,non_budding/frame80_cell5.tif
80,6,1485.6,605.6,3353.0,budding_pair,True,11,True,0.602,True,True,budding/frame80_cell6.tif
80,7,635.6,675.5,2855.0,budding_pair,True,21,True,1.365,True,True,budding/frame80_cell7.tif
80,8,446.3,679.6,2529.0,single,True,0,False,0.149,False,True,non_budding/frame80_cell8.tif
80,9,1274.0,703.1,1933.0,single,True,0,False,0.063,False,True,non_budding/frame80_cell9.tif
80,10,258.3,756.1,2549.0,single,True,0,False,0.174,False,True,non_budding/frame80_cell10.tif
80,11,595.3,1063.8,2403.0,budding_pair,True,7,True,0.337,True,True,budding/frame80_cell11.tif
80,12,741.8,1097.2,2063.0,single,True,0,False,0.235,False,True,non_budding/frame80_cell12.tif
80,13,895.3,1220.6,1495.0,single,True,0,False,0.289,False,True,
81,1,354.1,49.4,1846.0,budding_pair,True,7,True,0.563,True,True,
81,2,664.0,233.7,2674.0,single,True,0,False,0.082,False,True,non_budding/frame81_cell2.tif
81,3,441.9,328.1,1546.0,single,True,0,False,0.232,False,True,non_budding/frame81_cell3.tif
81,4,1146.3,346.2,2683.0,single,True,0,False,0.057,False,True,non_budding/frame81_cell4.tif
81,5,487.5,584.3,2955.0,budding_pair,True,12,True,0.558,True,True,budding/frame81_cell5.tif
81,6,997.6,779.3,2606.0,budding_pair,True,13,True,0.538,True,True,budding/frame81_cell6.tif
81,7,765.4,814.5,2614.0,single,True,0,False,0.061,False,True,non_budding/frame81_cell7.tif
81,8,1388.5,997.5,2124.0,single,True,0,False,0.126,False,True,non_budding/frame81_cell8.tif
81,9,1206.6,1023.5,2086.0,single,True,0,False,0.225,False,True,non_budding/frame81_cell9.tif
81,10,165.2,1066.8,1870.0,single,True,0,False,0.13,False,True,non_budding/frame81_cell10.tif
81,11,1031.5,1123.6,3315.0,single,True,0,False,0.069,False,True,non_budding/frame81_cell11.tif
81,12,1318.7,1164.7,2334.0,budding_pair,True,10,True,0.482,True,True,budding/frame81_cell12.tif
81,13,1440.6,1181.8,2473.0,budding_pair,True,6,True,0.51,True,True,budding/frame81_cell13.tif
81,14,976.0,1218.4,4458.0,budding_pair,True,7,True,0.203,True,True,
82,1,164.3,106.0,475.0,multicell,False,0,False,1.762,False,,
82,2,1582.7,123.7,1889.0,budding_pair,True,8,True,0.575,True,True,budding/frame82_cell2.tif
82,3,1045.6,238.3,2228.0,single,True,0,False,0.052,False,True,non_budding/frame82_cell3.tif
82,4,987.9,481.7,3904.0,budding_pair,True,4,False,0.236,True,False,budding/frame82_cell4.tif
82,5,361.2,516.1,1614.0,single,True,0,False,0.212,False,True,non_budding/frame82_cell5.tif
82,6,1441.5,542.2,3417.0,budding_pair,True,5,True,0.183,True,True,budding/frame82_cell6.tif
82,7,226.1,595.5,743.0,multicell,False,0,False,0.625,False,,
82,8,1020.6,715.6,1877.0,single,True,0,False,0.068,False,True,non_budding/frame82_cell8.tif
82,9,1430.8,717.3,2210.0,single,True,0,False,0.122,False,True,non_budding/frame82_cell9.tif
82,10,1006.8,1010.1,1415.0,single,True,0,False,0.06,False,True,non_budding/frame82_cell10.tif
83,1,1007.0,132.5,1369.0,budding_pair,True,6,True,0.251,True,True,budding/frame83_cell1.tif
83,2,1483.2,569.7,894.0,single,True,0,False,0.047,False,True,non_budding/frame83_cell2.tif
83,3,496.2,657.9,2182.0,single,True,0,False,0.051,False,True,non_budding/frame83_cell3.tif
83,4,1287.9,745.8,2231.0,budding_pair,True,8,True,0.5,True,True,budding/frame83_cell4.tif
83,5,1226.4,1002.5,3507.0,budding_pair,True,5,True,0.161,True,True,budding/frame83_cell5.tif
83,6,243.7,1024.7,1730.0,budding_pair,True,9,True,0.432,True,True,budding/frame83_cell6.tif
83,7,1019.3,1088.7,4608.0,budding_pair,True,8,True,0.231,True,True,budding/frame83_cell7.tif
84,1,559.6,178.8,1662.0,budding_pair,True,7,True,0.465,True,True,budding/frame84_cell1.tif
84,2,513.6,260.0,1901.0,budding_pair,True,8,True,0.522,True,True,budding/frame84_cell2.tif
84,3,684.2,338.5,2213.0,budding_pair,True,8,True,0.522,True,True,budding/frame84_cell3.tif
84,4,495.0,356.2,842.0,single,True,0,False,0.05,False,True,non_budding/frame84_cell4.tif
84,5,1196.3,404.2,352.0,multicell,False,0,False,5.206,False,,
84,6,1656.8,536.3,2141.0,budding_pair,True,7,True,0.565,True,True,
84,7,284.6,619.6,822.0,single,True,0,False,0.045,False,True,non_budding/frame84_cell7.tif
84,8,326.9,633.2,1464.0,single,True,0,False,0.039,False,True,non_budding/frame84_cell8.tif
84,9,781.3,632.0,1369.0,single,True,0,False,0.039,False,True,non_budding/frame84_cell9.tif
84,10,638.4,683.8,1940.0,single,True,0,False,0.041,False,True,non_budding/frame84_cell10.tif
84,11,45.8,758.3,1839.0,single,True,0,False,1.202,False,True,
84,12,1432.4,830.0,1276.0,single,True,0,False,0.039,False,True,non_budding/frame84_cell12.tif
84,13,1074.3,998.1,1968.0,budding_pair,True,8,True,0.478,True,True,budding/frame84_cell13.tif
84,14,732.9,1112.3,1948.0,budding_pair,True,7,True,0.665,True,True,budding/frame84_cell14.tif
84,15,270.1,1175.2,1332.0,single,True,0,False,1.617,False,True,non_budding/frame84_cell15.tif
84,16,792.8,1237.0,1241.0,single,True,0,False,0.099,False,True,
85,1,1532.1,87.4,2532.0,budding_pair,True,9,True,0.573,True,True,budding/frame85_cell1.tif
85,2,1068.7,151.3,1131.0,single,True,0,False,0.049,False,True,non_budding/frame85_cell2.tif
85,3,1588.6,216.3,2281.0,single,True,0,False,0.049,False,True,non_budding/frame85_cell3.tif
85,4,81.9,279.6,672.0,multicell,False,0,False,1.656,False,,
85,5,894.9,331.1,1839.0,budding_pair,True,7,True,0.443,True,True,budding/frame85_cell5.tif
85,6,989.6,439.2,1004.0,single,True,0,False,0.042,False,True,non_budding/frame85_cell6.tif
85,7,561.2,462.5,2712.0,single,True,0,False,0.06,False,True,non_budding/frame85_cell7.tif
85,8,1133.6,550.7,1632.0,budding_pair,True,6,True,0.5,True,True,budding/frame85_cell8.tif
85,9,625.3,725.8,1181.0,single,True,0,False,0.042,False,True,non_budding/frame85_cell9.tif
85,10,736.8,769.1,2400.0,single,True,0,False,0.051,False,True,non_budding/frame85_cell10.tif
85,11,1424.5,820.6,1652.0,budding_pair,True,5,True,0.369,True,True,budding/frame85_cell11.tif
85,12,675.1,949.5,2356.0,budding_pair,True,8,True,0.486,True,True,budding/frame85_cell12.tif
85,13,1256.1,1212.2,1985.0,budding_pair,True,7,True,0.371,True,True,
86,1,877.6,124.6,1385.0,single,True,0,False,0.036,False,True,non_budding/frame86_cell1.tif
86,2,831.7,123.9,826.0,single,True,0,False,0.052,False,True,non_budding/frame86_cell2.tif
86,3,751.4,173.9,1152.0,single,True,0,False,0.05,False,True,non_budding/frame86_cell3.tif
86,4,475.3,408.6,1584.0,budding_pair,True,7,True,0.465,True,True,budding/frame86_cell4.tif
86,5,712.5,548.8,2257.0,single,True,0,False,0.067,False,True,non_budding/frame86_cell5.tif
86,6,1473.9,608.4,1321.0,single,True,0,False,0.062,False,True,non_budding/frame86_cell6.tif
86,7,1434.2,607.3,673.0,single,True,0,False,0.076,False,True,non_budding/frame86_cell7.tif
86,8,1349.7,616.9,374.0,single,True,0,False,0.613,False,True,non_budding/frame86_cell8.tif
86,9,1406.8,659.1,2501.0,single,True,0,False,0.039,False,True,non_budding/frame86_cell9.tif
86,10,1617.7,811.9,1873.0,budding_pair,True,8,True,0.273,True,True,budding/frame86_cell10.tif
86,11,984.4,903.1,2198.0,single,True,0,False,0.052,False,True,non_budding/frame86_cell11.tif
86,12,363.2,927.6,1160.0,single,True,0,False,0.047,False,True,non_budding/frame86_cell12.tif
86,13,1558.3,1098.7,2065.0,single,True,0,False,0.115,False,True,non_budding/frame86_cell13.tif
86,14,1132.1,1106.0,2038.0,single,True,0,False,0.061,False,True,non_budding/frame86_cell14.tif
86,15,150.4,1121.2,1903.0,single,True,0,False,0.289,False,True,non_budding/frame86_cell15.tif
87,1,451.8,432.3,1552.0,single,True,0,False,0.078,False,True,non_budding/frame87_cell1.tif
87,2,411.7,427.0,545.0,single,True,0,False,0.06,False,True,non_budding/frame87_cell2.tif
87,3,588.8,809.6,1648.0,single,True,0,False,0.157,False,True,non_budding/frame87_cell3.tif
87,4,1175.8,851.3,2347.0,single,True,0,False,0.044,False,True,non_budding/frame87_cell4.tif
87,5,634.0,1011.9,3786.0,single,True,0,False,0.041,False,True,non_budding/frame87_cell5.tif
88,1,436.8,143.2,2231.0,single,True,0,False,0.059,False,True,non_budding/frame88_cell1.tif
88,2,49.1,315.8,2176.0,single,True,0,False,0.143,False,True,
88,3,1168.5,398.6,895.0,single,True,0,False,0.049,False,True,non_budding/frame88_cell3.tif
88,4,1061.7,437.8,3581.0,budding_pair,True,5,True,0.13,False,False,non_budding/frame88_cell4.tif
88,5,487.8,821.0,2222.0,budding_pair,True,7,True,0.642,True,True,budding/frame88_cell5.tif
88,6,735.3,906.3,2292.0,single,True,0,False,0.051,False,True,non_budding/frame88_cell6.tif
88,7,393.8,956.3,2184.0,single,True,0,False,0.113,False,True,non_budding/frame88_cell7.tif
88,8,1516.3,1022.0,1649.0,single,True,0,False,0.19,False,True,non_budding/frame88_cell8.tif
88,9,744.8,1091.6,1631.0,budding_pair,True,8,True,0.268,True,True,budding/frame88_cell9.tif
88,10,1659.5,1191.2,2973.0,single,True,0,False,0.246,False,True,
89,1,164.6,117.7,2566.0,single,True,0,False,0.046,False,True,non_budding/frame89_cell1.tif
89,2,1126.6,120.9,1950.0,budding_pair,True,8,True,0.522,True,True,budding/frame89_cell2.tif
89,3,706.0,287.7,1905.0,budding_pair,True,7,True,0.554,True,True,budding/frame89_cell3.tif
89,4,1191.9,271.2,1825.0,single,True,0,False,0.037,False,True,non_budding/frame89_cell4.tif
89,5,1172.1,461.1,2861.0,single,True,0,False,0.145,False,True,non_budding/frame89_cell5.tif
89,6,368.5,485.4,1534.0,budding_pair,True,9,True,2.096,True,True,budding/frame89_cell6.tif
89,7,1075.2,480.5,1416.0,single,True,0,False,0.04,False,True,non_budding/frame89_cell7.tif
89,8,1378.4,506.8,2230.0,single,True,0,False,0.037,False,True,non_budding/frame89_cell8.tif
89,9,1012.0,537.1,1546.0,single,True,0,False,0.047,False,True,non_budding/frame89_cell9.tif
89,10,764.7,652.9,1928.0,budding_pair,True,5,True,0.453,True,True,budding/frame89_cell10.tif
89,11,728.1,693.8,1777.0,budding_pair,True,7,True,0.435,True,True,budding/frame89_cell11.tif
89,12,120.1,734.0,2079.0,ambiguous,False,0,False,1.303,False,,
89,13,1126.2,854.6,1593.0,single,True,0,False,0.25,False,True,non_budding/frame89_cell13.tif
89,14,1534.1,1070.9,2177.0,single,True,0,False,0.41,False,True,non_budding/frame89_cell14.tif
89,15,692.1,1100.6,3489.0,single,True,0,False,0.063,False,True,non_budding/frame89_cell15.tif
89,16,1599.2,1175.2,2171.0,single,True,0,False,0.227,False,True,non_budding/frame89_cell16.tif
89,17,673.6,1182.2,4869.0,budding_pair,True,6,True,0.258,True,True,budding/frame89_cell17.tif
90,1,495.3,92.3,2347.0,single,True,0,False,0.349,False,True,non_budding/frame90_cell1.tif
90,2,1373.1,133.7,2385.0,budding_pair,True,15,True,1.642,True,True,budding/frame90_cell2.tif
90,3,1469.4,246.4,4898.0,multicell,False,0,False,0.853,False,,
90,4,408.0,243.0,1551.0,budding_pair,True,7,True,0.42,True,True,budding/frame90_cell4.tif
90,5,863.9,306.8,2302.0,budding_pair,True,8,True,0.492,True,True,budding/frame90_cell5.tif
90,6,546.4,412.3,1817.0,budding_pair,True,16,True,2.637,True,True,budding/frame90_cell6.tif
90,7,645.6,821.5,1577.0,budding_pair,True,11,True,2.442,True,True,budding/frame90_cell7.tif
90,8,1262.6,1018.6,1418.0,budding_pair,True,5,True,0.235,True,True,budding/frame90_cell8.tif
91,1,1526.0,55.4,3050.0,single,True,0,False,0.032,False,True,
91,2,485.0,142.6,2084.0,budding_pair,True,20,True,2.778,True,True,budding/frame91_cell2.tif
91,3,1059.4,261.7,1044.0,single,True,0,False,0.045,False,True,non_budding/frame91_cell3.tif
91,4,1645.2,272.8,1813.0,single,True,0,False,0.946,False,True,
91,5,607.9,332.8,2162.0,budding_pair,True,7,True,0.494,True,True,budding/frame91_cell5.tif
91,6,851.1,338.0,1843.0,budding_pair,True,7,True,0.426,True,True,budding/frame91_cell6.tif
91,7,1419.4,337.4,1376.0,single,True,0,False,0.044,False,True,non_budding/frame91_cell7.tif
91,8,1463.6,336.8,1121.0,single,True,0,False,0.056,False,True,non_budding/frame91_cell8.tif
91,9,1593.3,384.0,2925.0,single,True,0,False,0.209,False,True,non_budding/frame91_cell9.tif
91,10,1388.8,364.2,794.0,single,True,0,False,0.099,False,True,non_budding/frame91_cell10.tif
91,11,978.5,374.1,2467.0,budding_pair,True,7,True,0.513,True,True,budding/frame91_cell11.tif
91,12,1443.7,370.3,711.0,single,True,0,False,0.074,False,True,non_budding/frame91_cell12.tif
91,13,1619.5,854.3,3846.0,budding_pair,True,15,True,1.519,True,True,budding/frame91_cell13.tif
91,14,45.4,877.4,2697.0,multicell,False,0,False,1.839,False,,
91,15,773.5,896.8,1729.0,budding_pair,True,8,True,0.507,True,True,budding/frame91_cell15.tif
91,16,1047.5,939.9,1994.0,budding_pair,True,7,True,0.497,True,True,budding/frame91_cell16.tif
91,17,799.1,1155.3,1592.0,budding_pair,True,8,True,0.384,True,True,budding/frame91_cell17.tif
92,1,1048.5,70.9,876.0,single,True,0,False,0.06,False,True,non_budding/frame92_cell1.tif
92,2,924.7,99.6,3038.0,single,True,0,False,0.043,False,True,non_budding/frame92_cell2.tif
92,3,1125.4,137.4,371.0,multicell,False,0,False,4.031,False,,
92,4,1059.5,114.5,1556.0,single,True,0,False,0.038,False,True,non_budding/frame92_cell4.tif
92,5,1140.1,139.2,2622.0,ambiguous,False,0,False,0.82,False,,
92,6,699.6,121.7,1145.0,single,True,0,False,0.052,False,True,non_budding/frame92_cell6.tif
92,7,887.9,168.1,1684.0,budding_pair,True,5,True,0.389,True,True,budding/frame92_cell7.tif
92,8,1195.9,285.3,3050.0,ambiguous,False,0,False,3.034,False,,
92,9,437.6,312.7,2447.0,budding_pair,True,7,True,0.756,True,True,budding/frame92_cell9.tif
92,10,1110.1,381.2,1686.0,budding_pair,True,11,True,1.697,True,True,budding/frame92_cell10.tif
92,11,848.5,467.8,1285.0,single,True,0,False,0.044,False,True,non_budding/frame92_cell11.tif
92,12,1516.8,480.8,2795.0,single,True,0,False,0.386,False,True,non_budding/frame92_cell12.tif
92,13,592.9,599.3,1363.0,single,True,0,False,0.039,False,True,non_budding/frame92_cell13.tif
92,14,1293.3,833.2,2203.0,budding_pair,True,7,True,0.691,True,True,budding/frame92_cell14.tif
92,15,1400.5,870.6,2157.0,budding_pair,True,8,True,0.44,True,True,budding/frame92_cell15.tif
92,16,543.4,862.3,1119.0,single,True,0,False,0.053,False,True,non_budding/frame92_cell16.tif
92,17,554.0,965.8,1086.0,single,True,0,False,0.042,False,True,non_budding/frame92_cell17.tif
92,18,382.7,1134.1,1879.0,single,True,0,False,0.036,False,True,non_budding/frame92_cell18.tif
92,19,320.3,1177.7,2669.0,multicell,False,0,False,0.46,False,,
93,1,963.1,101.3,2446.0,budding_pair,True,8,True,0.705,True,True,budding/frame93_cell1.tif
93,2,709.1,144.4,3338.0,budding_pair,True,5,True,0.144,False,False,non_budding/frame93_cell2.tif
93,3,1564.1,214.2,1907.0,budding_pair,True,14,True,0.733,True,True,budding/frame93_cell3.tif
93,4,1259.0,289.4,2569.0,budding_pair,True,5,True,0.195,True,True,budding/frame93_cell4.tif
93,5,583.3,298.7,4119.0,multicell,False,0,False,1.172,False,,
93,6,1041.6,486.3,1533.0,single,True,0,False,0.066,False,True,non_budding/frame93_cell6.tif
93,7,1133.8,557.8,2396.0,single,True,0,False,0.124,False,True,non_budding/frame93_cell7.tif
93,8,1034.8,711.6,4020.0,budding_pair,True,8,True,0.263,True,True,budding/frame93_cell8.tif
93,9,1245.4,719.4,2314.0,single,True,0,False,0.087,False,True,non_budding/frame93_cell9.tif
93,10,1326.7,754.6,2021.0,single,True,0,False,0.062,False,True,non_budding/frame93_cell10.tif
93,11,575.2,792.9,2752.0,single,True,0,False,0.054,False,True,non_budding/frame93_cell11.tif
93,12,1381.7,996.5,1115.0,single,True,0,False,0.282,False,True,non_budding/frame93_cell12.tif
93,13,742.8,1134.3,1611.0,single,True,0,False,0.133,False,True,non_budding/frame93_cell13.tif
93,14,540.6,1207.5,2176.0,single,True,0,False,0.077,False,True,
94,1,561.0,170.3,3110.0,single,True,0,False,0.437,False,True,non_budding/frame94_cell1.tif
94,2,749.9,251.0,2303.0,budding_pair,True,11,True,1.818,True,True,budding/frame94_cell2.tif
94,3,260.2,406.3,4984.0,multicell,False,0,False,0.253,False,,
94,4,520.6,471.1,4032.0,budding_pair,True,7,True,0.215,True,True,budding/frame94_cell4.tif
94,5,1414.6,640.4,2665.0,budding_pair,True,13,True,0.742,True,True,budding/frame94_cell5.tif
94,6,1656.4,828.4,550.0,single,True,0,False,0.198,False,True,
94,7,1366.6,970.1,3290.0,ambiguous,False,0,False,0.155,False,,
94,8,681.2,1097.7,2575.0,budding_pair,True,15,True,2.446,True,True,budding/frame94_cell8.tif
94,9,1575.7,1091.0,2063.0,budding_pair,True,11,True,0.55,True,True,budding/frame94_cell9.tif
95,1,558.5,107.7,4704.0,multicell,False,0,False,1.716,False,,
95,2,882.2,291.9,1570.0,single,True,0,False,0.211,False,True,non_budding/frame95_cell2.tif
95,3,1010.8,330.7,5146.0,multicell,False,0,False,0.359,False,,
95,4,1113.6,349.6,3617.0,budding_pair,True,6,True,0.308,True,True,budding/frame95_cell4.tif
95,5,432.4,336.2,1523.0,single,True,0,False,0.208,False,True,non_budding/frame95_cell5.tif
95,6,1194.3,372.5,1521.0,single,True,0,False,0.183,False,True,non_budding/frame95_cell6.tif
95,7,1253.6,456.5,1769.0,single,True,0,False,0.056,False,True,non_budding/frame95_cell7.tif
95,8,199.0,534.4,1796.0,single,True,0,False,0.176,False,True,non_budding/frame95_cell8.tif
95,9,1593.7,594.3,3548.0,budding_pair,True,11,True,0.317,True,True,budding/frame95_cell9.tif
95,10,961.8,720.5,2189.0,single,True,0,False,1.032,False,True,non_budding/frame95_cell10.tif
95,11,280.5,802.0,2613.0,budding_pair,True,8,True,0.214,True,True,budding/frame95_cell11.tif
95,12,572.1,854.8,4275.0,budding_pair,True,7,True,0.239,True,True,budding/frame95_cell12.tif
95,13,999.5,878.4,4350.0,multicell,False,0,False,1.683,False,,
95,14,1370.1,882.9,3161.0,budding_pair,True,5,True,0.302,True,True,budding/frame95_cell14.tif
95,15,331.6,1073.9,4786.0,multicell,False,0,False,0.505,False,,
95,16,382.3,1109.5,570.0,single,True,0,False,0.738,False,True,non_budding/frame95_cell16.tif
95,17,57.3,1175.8,598.0,multicell,False,0,False,1.756,False,,
95,18,1487.9,1207.9,1647.0,budding_pair,True,7,True,0.321,True,True,
96,1,573.1,50.9,1731.0,single,True,0,False,0.133,False,True,
96,2,328.8,107.7,3156.0,budding_pair,True,8,True,0.169,True,True,budding/frame96_cell2.tif
96,3,987.0,171.3,2445.0,single,True,0,False,0.069,False,True,non_budding/frame96_cell3.tif
96,4,415.1,179.4,2536.0,single,True,0,False,0.035,False,True,non_budding/frame96_cell4.tif
96,5,1411.7,193.6,2372.0,budding_pair,True,6,True,0.19,True,True,budding/frame96_cell5.tif
96,6,1554.7,249.7,2292.0,budding_pair,True,10,True,0.6,True,True,budding/frame96_cell6.tif
96,7,212.5,245.0,2567.0,single,True,0,False,0.25,False,True,non_budding/frame96_cell7.tif
96,8,375.5,307.2,3210.0,budding_pair,True,11,True,0.228,True,True,budding/frame96_cell8.tif
96,9,1318.8,355.8,3550.0,budding_pair,True,8,True,0.158,True,True,budding/frame96_cell9.tif
96,10,1273.2,508.4,1647.0,single,True,0,False,0.083,False,True,non_budding/frame96_cell10.tif
96,11,336.4,662.6,1924.0,single,True,0,False,0.072,False,True,non_budding/frame96_cell11.tif
96,12,1294.9,671.2,1656.0,single,True,0,False,0.058,False,True,non_budding/frame96_cell12.tif
96,13,233.1,728.9,2211.0,single,True,0,False,0.171,False,True,non_budding/frame96_cell13.tif
96,14,1305.2,796.6,2202.0,single,True,0,False,0.052,False,True,non_budding/frame96_cell14.tif
96,15,760.5,871.5,3658.0,budding_pair,True,3,False,0.142,False,True,non_budding/frame96_cell15.tif
96,16,458.7,956.4,2153.0,single,True,0,False,0.241,False,True,non_budding/frame96_cell16.tif
96,17,791.2,1028.6,5623.0,multicell,False,0,False,0.336,False,,
96,18,1123.9,1122.0,1453.0,single,True,0,False,0.396,False,True,non_budding/frame96_cell18.tif
96,19,1286.3,1157.3,2347.0,single,True,0,False,0.119,False,True,non_budding/frame96_cell19.tif
97,1,753.0,35.9,1606.0,single,True,0,False,0.164,False,True,
97,2,1546.7,89.4,2621.0,budding_pair,True,11,True,0.431,True,True,budding/frame97_cell2.tif
97,3,267.2,115.3,4338.0,multicell,False,0,False,0.168,False,,
97,4,1590.6,171.9,1616.0,single,True,0,False,0.757,False,True,non_budding/frame97_cell4.tif
97,5,1415.6,167.6,2231.0,single,True,0,False,0.08,False,True,non_budding/frame97_cell5.tif
97,6,875.2,183.2,3493.0,single,True,0,False,0.134,False,True,non_budding/frame97_cell6.tif
97,7,54.5,217.2,3042.0,ambiguous,False,0,False,0.397,False,,
97,8,1389.5,235.7,2122.0,budding_pair,True,12,True,0.494,True,True,budding/frame97_cell8.tif
97,9,1660.4,268.0,3160.0,budding_pair,True,6,True,0.197,True,True,
97,10,1592.6,384.7,3478.0,budding_pair,True,4,False,0.313,True,False,budding/frame97_cell10.tif
97,11,1457.0,404.9,3501.0,ambiguous,False,0,False,0.266,False,,
97,12,1216.3,566.8,2374.0,single,True,0,False,0.212,False,True,non_budding/frame97_cell12.tif
97,13,1516.3,608.8,6182.0,multicell,False,0,False,0.574,False,,
97,14,989.0,703.6,3494.0,budding_pair,True,5,True,0.2,True,True,budding/frame97_cell14.tif
97,15,1556.5,751.7,1662.0,single,True,0,False,0.071,False,True,non_budding/frame97_cell15.tif
97,16,366.5,798.2,2482.0,single,True,0,False,1.174,False,True,non_budding/frame97_cell16.tif
97,17,490.2,815.3,2431.0,single,True,0,False,1.476,False,True,non_budding/frame97_cell17.tif
97,18,737.1,840.8,3555.0,budding_pair,True,3,False,0.206,True,False,budding/frame97_cell18.tif
97,19,806.6,851.4,3705.0,budding_pair,True,6,True,0.187,True,True,budding/frame97_cell19.tif
97,20,1213.2,952.0,4032.0,budding_pair,True,8,True,0.154,True,True,budding/frame97_cell20.tif
97,21,566.1,1000.9,3161.0,budding_pair,True,11,True,0.238,True,True,budding/frame97_cell21.tif
97,22,1328.1,1074.5,1876.0,single,True,0,False,0.161,False,True,non_budding/frame97_cell22.tif
98,1,797.6,156.8,2681.0,budding_pair,True,26,True,2.734,True,True,budding/frame98_cell1.tif
98,2,327.9,225.4,2940.0,single,True,0,False,0.208,False,True,non_budding/frame98_cell2.tif
98,3,996.9,223.1,3802.0,budding_pair,True,10,True,0.164,True,True,budding/frame98_cell3.tif
98,4,881.6,401.5,2443.0,single,True,0,False,0.144,False,True,non_budding/frame98_cell4.tif
98,5,73.0,415.9,997.0,multicell,False,0,False,3.304,False,,
98,6,151.8,410.9,1502.0,single,True,0,False,0.224,False,True,non_budding/frame98_cell6.tif
98,7,569.8,535.9,2739.0,ambiguous,False,0,False,1.665,False,,
98,8,1182.0,537.1,2457.0,single,True,0,False,0.047,False,True,non_budding/frame98_cell8.tif
98,9,1400.7,548.4,3293.0,single,True,0,False,0.138,False,True,non_budding/frame98_cell9.tif
98,10,896.2,644.1,1727.0,single,True,0,False,0.054,False,True,non_budding/frame98_cell10.tif
98,11,607.6,663.0,2262.0,budding_pair,True,12,True,1.183,True,True,budding/frame98_cell11.tif
98,12,658.8,699.2,1501.0,single,True,0,False,0.048,False,True,non_budding/frame98_cell12.tif
98,13,629.1,740.3,2603.0,budding_pair,True,12,True,1.946,True,True,budding/frame98_cell13.tif
98,14,1253.0,749.1,2502.0,single,True,0,False,0.143,False,True,non_budding/frame98_cell14.tif
98,15,306.0,929.5,2094.0,single,True,0,False,0.043,False,True,non_budding/frame98_cell15.tif
98,16,612.6,1024.2,2218.0,single,True,0,False,1.091,False,True,non_budding/frame98_cell16.tif
98,17,1542.5,1172.3,2488.0,single,True,0,False,0.191,False,True,non_budding/frame98_cell17.tif
99,1,685.1,90.3,1982.0,budding_pair,True,11,True,0.34,True,True,budding/frame99_cell1.tif
99,2,843.2,268.2,653.0,single,True,0,False,1.558,False,True,non_budding/frame99_cell2.tif
99,3,854.8,304.7,1135.0,single,True,0,False,0.05,False,True,non_budding/frame99_cell3.tif
99,4,1239.0,329.1,1543.0,single,True,0,False,0.685,False,True,non_budding/frame99_cell4.tif
99,5,835.1,375.1,1283.0,budding_pair,True,7,True,0.377,True,True,budding/frame99_cell5.tif
99,6,555.7,482.3,2871.0,ambiguous,False,0,False,0.364,False,,
99,7,777.6,510.9,1802.0,single,True,0,False,0.033,False,True,non_budding/frame99_cell7.tif
99,8,151.9,564.2,3003.0,budding_pair,True,12,True,0.635,True,True,budding/frame99_cell8.tif
99,9,1596.1,629.4,3498.0,budding_pair,True,9,True,0.22,True,True,budding/frame99_cell9.tif
99,10,1263.9,825.0,2173.0,budding_pair,True,7,True,0.518,True,True,budding/frame99_cell10.tif
99,11,68.8,1139.9,2114.0,budding_pair,True,8,True,0.465,True,True,budding/frame99_cell11.tif
99,12,882.6,1189.6,1819.0,budding_pair,True,17,True,2.043,True,True,budding/frame99_cell12.tif
100,1,1553.5,151.5,1901.0,budding_pair,True,7,True,0.349,True,True,budding/frame100_cell1.tif
100,2,1505.4,241.4,3548.0,ambiguous,False,0,False,0.259,False,,
100,3,1313.1,240.6,1154.0,single,True,0,False,1.797,False,True,non_budding/frame100_cell3.tif
100,4,1657.8,296.5,3238.0,single,True,0,False,0.139,False,True,
100,5,509.6,289.2,619.0,single,True,0,False,0.121,False,True,non_budding/frame100_cell5.tif
100,6,1042.8,321.0,973.0,single,True,0,False,0.049,False,True,non_budding/frame100_cell6.tif
100,7,520.6,325.7,1248.0,single,True,0,False,0.075,False,True,non_budding/frame100_cell7.tif
100,8,419.6,549.1,2295.0,budding_pair,True,8,True,0.427,True,True,budding/frame100_cell8.tif
100,9,1425.9,600.9,1738.0,single,True,0,False,2.078,False,True,non_budding/frame100_cell9.tif
100,10,432.5,617.7,1998.0,multicell,False,0,False,0.435,False,,
100,11,1482.2,643.8,1249.0,single,True,0,False,0.121,False,True,non_budding/frame100_cell11.tif
100,12,309.1,664.9,2398.0,budding_pair,True,8,True,0.368,True,True,budding/frame100_cell12.tif
100,13,642.6,930.1,1475.0,budding_pair,True,11,True,2.169,True,True,budding/frame100_cell13.tif
100,14,300.2,992.6,2410.0,budding_pair,True,14,True,0.503,True,True,budding/frame100_cell14.tif
100,15,1137.8,1004.0,3846.0,single,True,0,False,0.07,False,True,non_budding/frame100_cell15.tif
100,16,286.5,1074.4,1830.0,single,True,0,False,0.241,False,True,non_budding/frame100_cell16.tif
100,17,1050.9,1176.1,2808.0,single,True,0,False,0.11,False,True,non_budding/frame100_cell17.tif
